IP地址,数据中心,地区,城市,网络延迟
172.64.228.127,NRT,亚太地区,东京,137 ms
104.19.59.3,SJC,北美洲,圣何塞,159 ms
104.19.88.52,SJC,北美洲,圣何塞,160 ms
104.16.55.138,SJC,北美洲,圣何塞,160 ms
104.18.51.187,SJC,北美洲,圣何塞,161 ms
104.19.112.239,SJC,北美洲,圣何塞,161 ms
104.19.2.242,SJC,北美洲,圣何塞,161 ms
162.159.26.121,SJC,北美洲,圣何塞,161 ms
104.16.102.243,SJC,北美洲,圣何塞,161 ms
104.19.12.189,SJC,北美洲,圣何塞,161 ms
104.16.237.5,SJC,北美洲,圣何塞,162 ms
104.17.240.232,SJC,北美洲,圣何塞,162 ms
104.16.215.151,SJC,北美洲,圣何塞,162 ms
104.21.204.62,LHR,欧洲,伦敦,162 ms
104.21.31.41,LHR,欧洲,伦敦,162 ms
104.16.242.142,SJC,北美洲,圣何塞,162 ms
104.16.217.106,SJC,北美洲,圣何塞,162 ms
104.19.44.191,SJC,北美洲,圣何塞,162 ms
104.17.95.9,SJC,北美洲,圣何塞,162 ms
104.16.54.156,SJC,北美洲,圣何塞,163 ms
104.19.42.59,SJC,北美洲,圣何塞,163 ms
172.66.2.136,SJC,北美洲,圣何塞,163 ms
104.17.206.71,SJC,北美洲,圣何塞,163 ms
104.18.87.224,SJC,北美洲,圣何塞,163 ms
104.16.231.74,SJC,北美洲,圣何塞,163 ms
104.18.61.167,SJC,北美洲,圣何塞,163 ms
198.41.206.67,SJC,北美洲,圣何塞,163 ms
1.0.0.133,SJC,北美洲,圣何塞,163 ms
104.19.0.190,SJC,北美洲,圣何塞,163 ms
104.19.118.103,SJC,北美洲,圣何塞,163 ms
1.0.0.187,SJC,北美洲,圣何塞,163 ms
1.0.0.144,SJC,北美洲,圣何塞,164 ms
104.18.106.197,SJC,北美洲,圣何塞,164 ms
1.0.0.54,SJC,北美洲,圣何塞,164 ms
104.19.13.185,SJC,北美洲,圣何塞,164 ms
104.19.82.5,SJC,北美洲,圣何塞,164 ms
172.67.131.77,LHR,欧洲,伦敦,164 ms
104.21.62.25,LHR,欧洲,伦敦,164 ms
104.19.10.170,SJC,北美洲,圣何塞,164 ms
1.0.0.223,SJC,北美洲,圣何塞,164 ms
104.19.68.115,SJC,北美洲,圣何塞,164 ms
104.17.48.19,SJC,北美洲,圣何塞,164 ms
104.19.77.68,SJC,北美洲,圣何塞,164 ms
104.19.78.50,SJC,北美洲,圣何塞,164 ms
104.17.124.110,SJC,北美洲,圣何塞,165 ms
1.0.0.111,SJC,北美洲,圣何塞,165 ms
104.19.54.194,SJC,北美洲,圣何塞,165 ms
104.16.61.184,SJC,北美洲,圣何塞,165 ms
104.19.4.142,SJC,北美洲,圣何塞,165 ms
104.18.64.141,SJC,北美洲,圣何塞,165 ms
172.64.231.115,SJC,北美洲,圣何塞,165 ms
104.19.17.195,SJC,北美洲,圣何塞,165 ms
1.0.0.43,SJC,北美洲,圣何塞,165 ms
104.19.51.35,SJC,北美洲,圣何塞,165 ms
104.19.57.104,SJC,北美洲,圣何塞,165 ms
172.67.129.3,LHR,欧洲,伦敦,165 ms
104.21.91.245,LHR,欧洲,伦敦,165 ms
104.21.97.211,LHR,欧洲,伦敦,165 ms
104.19.123.227,SJC,北美洲,圣何塞,165 ms
104.18.40.183,SJC,北美洲,圣何塞,165 ms
192.133.11.232,SJC,北美洲,圣何塞,165 ms
104.17.159.43,SJC,北美洲,圣何塞,166 ms
172.67.238.95,LHR,欧洲,伦敦,166 ms
104.21.194.252,LHR,欧洲,伦敦,166 ms
104.19.29.250,SJC,北美洲,圣何塞,166 ms
104.19.125.124,SJC,北美洲,圣何塞,166 ms
104.19.15.9,SJC,北美洲,圣何塞,166 ms
104.19.107.173,SJC,北美洲,圣何塞,166 ms
104.21.89.249,LHR,欧洲,伦敦,166 ms
1.0.0.220,SJC,北美洲,圣何塞,166 ms
104.21.199.121,LHR,欧洲,伦敦,166 ms
104.17.102.173,SJC,北美洲,圣何塞,166 ms
104.16.195.100,SJC,北美洲,圣何塞,166 ms
104.17.68.27,SJC,北美洲,圣何塞,166 ms
172.67.195.100,LHR,欧洲,伦敦,166 ms
104.21.11.148,LHR,欧洲,伦敦,166 ms
104.16.32.218,SJC,北美洲,圣何塞,166 ms
104.21.209.165,LHR,欧洲,伦敦,166 ms
172.67.149.146,LHR,欧洲,伦敦,166 ms
104.17.109.206,SJC,北美洲,圣何塞,166 ms
104.19.46.121,SJC,北美洲,圣何塞,166 ms
104.17.59.24,SJC,北美洲,圣何塞,166 ms
1.0.0.139,SJC,北美洲,圣何塞,166 ms
45.8.211.220,SJC,北美洲,圣何塞,166 ms
104.17.96.96,SJC,北美洲,圣何塞,166 ms
104.18.54.209,SJC,北美洲,圣何塞,166 ms
45.131.209.246,SJC,北美洲,圣何塞,166 ms
188.164.248.235,SJC,北美洲,圣何塞,166 ms
104.19.103.68,SJC,北美洲,圣何塞,166 ms
104.19.67.141,SJC,北美洲,圣何塞,166 ms
1.0.0.106,SJC,北美洲,圣何塞,167 ms
1.0.0.54,SJC,北美洲,圣何塞,167 ms
104.17.88.68,SJC,北美洲,圣何塞,167 ms
104.19.7.153,SJC,北美洲,圣何塞,167 ms
104.18.80.196,SJC,北美洲,圣何塞,167 ms
1.0.0.14,SJC,北美洲,圣何塞,167 ms
104.21.53.139,LHR,欧洲,伦敦,167 ms
104.19.106.75,SJC,北美洲,圣何塞,167 ms
104.21.29.199,LHR,欧洲,伦敦,167 ms
104.18.62.120,SJC,北美洲,圣何塞,167 ms
104.19.50.193,SJC,北美洲,圣何塞,167 ms
104.17.229.163,SJC,北美洲,圣何塞,167 ms
104.16.185.210,SJC,北美洲,圣何塞,167 ms
1.0.0.145,SJC,北美洲,圣何塞,167 ms
104.19.96.102,SJC,北美洲,圣何塞,167 ms
104.21.77.165,LHR,欧洲,伦敦,167 ms
104.19.65.175,SJC,北美洲,圣何塞,167 ms
104.19.64.236,SJC,北美洲,圣何塞,167 ms
104.19.66.54,SJC,北美洲,圣何塞,167 ms
172.67.236.7,LHR,欧洲,伦敦,167 ms
104.19.35.96,SJC,北美洲,圣何塞,167 ms
104.21.32.31,LHR,欧洲,伦敦,167 ms
104.21.120.128,LHR,欧洲,伦敦,167 ms
1.0.0.50,SJC,北美洲,圣何塞,167 ms
104.19.76.124,SJC,北美洲,圣何塞,167 ms
104.19.18.31,SJC,北美洲,圣何塞,167 ms
104.17.101.83,SJC,北美洲,圣何塞,167 ms
104.21.121.4,LHR,欧洲,伦敦,167 ms
104.21.114.199,LHR,欧洲,伦敦,168 ms
104.19.19.250,SJC,北美洲,圣何塞,168 ms
104.19.110.233,SJC,北美洲,圣何塞,168 ms
104.19.71.83,SJC,北美洲,圣何塞,168 ms
104.18.55.110,SJC,北美洲,圣何塞,168 ms
104.19.124.108,SJC,北美洲,圣何塞,168 ms
104.19.23.242,SJC,北美洲,圣何塞,168 ms
104.21.192.26,LHR,欧洲,伦敦,168 ms
172.67.197.144,LHR,欧洲,伦敦,168 ms
104.18.101.142,SJC,北美洲,圣何塞,168 ms
162.251.82.150,SJC,北美洲,圣何塞,168 ms
104.19.14.128,SJC,北美洲,圣何塞,168 ms
104.21.92.130,LHR,欧洲,伦敦,168 ms
104.16.171.42,SJC,北美洲,圣何塞,168 ms
104.19.89.44,SJC,北美洲,圣何塞,168 ms
104.17.129.82,SJC,北美洲,圣何塞,168 ms
104.18.164.186,SJC,北美洲,圣何塞,168 ms
104.18.139.209,SJC,北美洲,圣何塞,168 ms
104.19.102.165,SJC,北美洲,圣何塞,168 ms
104.21.57.102,LHR,欧洲,伦敦,168 ms
1.0.0.107,SJC,北美洲,圣何塞,168 ms
104.21.38.87,LHR,欧洲,伦敦,168 ms
104.16.250.222,SJC,北美洲,圣何塞,168 ms
104.19.79.113,SJC,北美洲,圣何塞,168 ms
104.18.142.209,SJC,北美洲,圣何塞,168 ms
104.19.109.219,SJC,北美洲,圣何塞,169 ms
104.18.57.165,SJC,北美洲,圣何塞,169 ms
104.19.53.199,SJC,北美洲,圣何塞,169 ms
172.67.224.4,LHR,欧洲,伦敦,169 ms
104.19.93.18,SJC,北美洲,圣何塞,169 ms
104.19.32.134,SJC,北美洲,圣何塞,169 ms
104.21.100.189,LHR,欧洲,伦敦,169 ms
104.21.12.34,LHR,欧洲,伦敦,169 ms
104.19.9.74,SJC,北美洲,圣何塞,169 ms
104.19.70.10,SJC,北美洲,圣何塞,169 ms
104.19.20.18,SJC,北美洲,圣何塞,169 ms
1.0.0.234,SJC,北美洲,圣何塞,169 ms
104.18.169.231,SJC,北美洲,圣何塞,169 ms
172.67.209.191,LHR,欧洲,伦敦,169 ms
185.59.218.105,SJC,北美洲,圣何塞,169 ms
198.41.192.213,SJC,北美洲,圣何塞,169 ms
104.19.36.103,SJC,北美洲,圣何塞,169 ms
104.21.223.132,LHR,欧洲,伦敦,169 ms
104.21.47.83,LHR,欧洲,伦敦,169 ms
104.19.122.79,SJC,北美洲,圣何塞,169 ms
104.19.72.136,SJC,北美洲,圣何塞,169 ms
104.21.54.108,LHR,欧洲,伦敦,169 ms
104.19.74.22,SJC,北美洲,圣何塞,169 ms
104.21.55.199,LHR,欧洲,伦敦,169 ms
104.21.104.185,LHR,欧洲,伦敦,169 ms
104.21.215.168,LHR,欧洲,伦敦,169 ms
172.67.205.243,LHR,欧洲,伦敦,169 ms
172.67.203.200,LHR,欧洲,伦敦,169 ms
104.19.98.197,SJC,北美洲,圣何塞,169 ms
172.67.159.183,LHR,欧洲,伦敦,169 ms
172.67.140.36,LHR,欧洲,伦敦,170 ms
172.67.166.221,LHR,欧洲,伦敦,170 ms
104.21.33.218,LHR,欧洲,伦敦,170 ms
104.17.158.69,SJC,北美洲,圣何塞,170 ms
104.18.156.234,SJC,北美洲,圣何塞,170 ms
172.64.33.78,SJC,北美洲,圣何塞,170 ms
104.19.121.149,SJC,北美洲,圣何塞,170 ms
104.21.26.171,LHR,欧洲,伦敦,170 ms
104.19.146.162,SJC,北美洲,圣何塞,170 ms
1.0.0.133,SJC,北美洲,圣何塞,170 ms
1.0.0.191,SJC,北美洲,圣何塞,170 ms
94.242.228.135,SJC,北美洲,圣何塞,170 ms
104.18.187.191,SJC,北美洲,圣何塞,170 ms
172.67.146.142,LHR,欧洲,伦敦,170 ms
104.21.123.197,LHR,欧洲,伦敦,170 ms
104.21.20.189,LHR,欧洲,伦敦,170 ms
104.21.206.195,LHR,欧洲,伦敦,170 ms
172.67.155.133,LHR,欧洲,伦敦,170 ms
162.159.1.94,SJC,北美洲,圣何塞,170 ms
104.16.37.249,SJC,北美洲,圣何塞,170 ms
104.21.96.65,LHR,欧洲,伦敦,170 ms
172.67.128.31,LHR,欧洲,伦敦,170 ms
104.19.95.47,SJC,北美洲,圣何塞,170 ms
104.21.110.176,LHR,欧洲,伦敦,170 ms
104.19.75.34,SJC,北美洲,圣何塞,170 ms
104.19.115.158,SJC,北美洲,圣何塞,170 ms
172.67.185.56,LHR,欧洲,伦敦,170 ms
172.67.148.10,LHR,欧洲,伦敦,170 ms
104.17.220.59,SJC,北美洲,圣何塞,170 ms
172.67.194.133,LHR,欧洲,伦敦,170 ms
104.18.48.154,SJC,北美洲,圣何塞,170 ms
104.21.103.57,LHR,欧洲,伦敦,170 ms
104.19.73.92,SJC,北美洲,圣何塞,170 ms
104.19.100.253,SJC,北美洲,圣何塞,171 ms
104.19.101.207,SJC,北美洲,圣何塞,171 ms
104.19.55.62,SJC,北美洲,圣何塞,171 ms
172.67.226.28,LHR,欧洲,伦敦,171 ms
104.19.31.245,SJC,北美洲,圣何塞,171 ms
188.114.97.55,LHR,欧洲,伦敦,171 ms
172.67.182.183,LHR,欧洲,伦敦,171 ms
104.17.26.212,SJC,北美洲,圣何塞,171 ms
104.19.126.213,SJC,北美洲,圣何塞,171 ms
190.93.245.170,SJC,北美洲,圣何塞,171 ms
104.18.38.19,SJC,北美洲,圣何塞,171 ms
104.19.25.68,SJC,北美洲,圣何塞,171 ms
104.21.94.177,LHR,欧洲,伦敦,171 ms
172.67.206.168,LHR,欧洲,伦敦,171 ms
104.18.163.243,SJC,北美洲,圣何塞,171 ms
104.21.210.27,LHR,欧洲,伦敦,171 ms
172.67.187.133,LHR,欧洲,伦敦,171 ms
104.18.144.58,SJC,北美洲,圣何塞,171 ms
104.21.221.142,LHR,欧洲,伦敦,171 ms
104.19.114.129,SJC,北美洲,圣何塞,171 ms
104.21.23.0,LHR,欧洲,伦敦,171 ms
1.0.0.115,SJC,北美洲,圣何塞,171 ms
104.21.21.48,LHR,欧洲,伦敦,171 ms
104.21.5.124,LHR,欧洲,伦敦,171 ms
104.16.68.23,SJC,北美洲,圣何塞,171 ms
172.67.160.1,LHR,欧洲,伦敦,171 ms
104.21.201.127,LHR,欧洲,伦敦,171 ms
104.19.80.19,SJC,北美洲,圣何塞,171 ms
172.67.151.98,LHR,欧洲,伦敦,171 ms
104.21.16.105,LHR,欧洲,伦敦,171 ms
94.247.142.34,SJC,北美洲,圣何塞,171 ms
104.21.83.240,LHR,欧洲,伦敦,172 ms
104.21.99.203,LHR,欧洲,伦敦,172 ms
104.21.75.119,LHR,欧洲,伦敦,172 ms
172.67.215.201,LHR,欧洲,伦敦,172 ms
104.21.196.243,LHR,欧洲,伦敦,172 ms
104.21.44.185,LHR,欧洲,伦敦,172 ms
1.0.0.231,SJC,北美洲,圣何塞,172 ms
104.19.43.16,SJC,北美洲,圣何塞,172 ms
104.21.24.157,LHR,欧洲,伦敦,172 ms
104.19.16.22,SJC,北美洲,圣何塞,172 ms
172.67.248.139,LHR,欧洲,伦敦,172 ms
104.19.127.252,SJC,北美洲,圣何塞,172 ms
104.19.116.179,SJC,北美洲,圣何塞,172 ms
91.193.59.247,SJC,北美洲,圣何塞,172 ms
104.18.181.106,SJC,北美洲,圣何塞,172 ms
172.67.233.22,LHR,欧洲,伦敦,172 ms
92.53.190.39,SJC,北美洲,圣何塞,172 ms
104.19.6.83,SJC,北美洲,圣何塞,172 ms
104.17.114.130,SJC,北美洲,圣何塞,172 ms
1.0.0.111,SJC,北美洲,圣何塞,172 ms
104.21.112.129,LHR,欧洲,伦敦,173 ms
104.16.203.78,SJC,北美洲,圣何塞,173 ms
104.18.218.230,SJC,北美洲,圣何塞,173 ms
104.21.102.116,LHR,欧洲,伦敦,173 ms
1.0.0.114,SJC,北美洲,圣何塞,173 ms
104.17.34.78,SJC,北美洲,圣何塞,173 ms
172.67.154.6,LHR,欧洲,伦敦,173 ms
104.21.197.10,LHR,欧洲,伦敦,173 ms
176.124.223.10,SJC,北美洲,圣何塞,173 ms
172.67.253.143,LHR,欧洲,伦敦,173 ms
173.245.49.136,SJC,北美洲,圣何塞,173 ms
172.65.197.177,SJC,北美洲,圣何塞,173 ms
104.21.117.106,LHR,欧洲,伦敦,173 ms
104.19.39.225,SJC,北美洲,圣何塞,173 ms
154.197.88.216,SJC,北美洲,圣何塞,173 ms
104.21.88.75,LHR,欧洲,伦敦,173 ms
104.19.49.169,SJC,北美洲,圣何塞,173 ms
104.18.50.151,SJC,北美洲,圣何塞,173 ms
172.67.142.130,LHR,欧洲,伦敦,173 ms
104.19.27.249,SJC,北美洲,圣何塞,173 ms
172.67.245.241,LHR,欧洲,伦敦,173 ms
172.67.232.92,LHR,欧洲,伦敦,173 ms
104.16.58.64,SJC,北美洲,圣何塞,173 ms
172.67.134.206,LHR,欧洲,伦敦,173 ms
172.67.252.242,LHR,欧洲,伦敦,173 ms
162.159.27.185,SJC,北美洲,圣何塞,173 ms
172.67.145.180,LHR,欧洲,伦敦,173 ms
172.67.139.213,LHR,欧洲,伦敦,173 ms
1.0.0.101,SJC,北美洲,圣何塞,173 ms
104.19.87.191,SJC,北美洲,圣何塞,173 ms
104.21.37.222,LHR,欧洲,伦敦,173 ms
104.19.108.237,SJC,北美洲,圣何塞,174 ms
172.67.153.124,LHR,欧洲,伦敦,174 ms
104.19.159.136,SJC,北美洲,圣何塞,174 ms
104.19.91.199,SJC,北美洲,圣何塞,174 ms
104.19.34.137,SJC,北美洲,圣何塞,174 ms
104.19.58.7,SJC,北美洲,圣何塞,174 ms
172.67.251.18,LHR,欧洲,伦敦,174 ms
141.11.202.125,SJC,北美洲,圣何塞,174 ms
172.67.202.78,LHR,欧洲,伦敦,174 ms
172.67.191.217,LHR,欧洲,伦敦,174 ms
172.67.246.90,LHR,欧洲,伦敦,174 ms
104.21.50.241,LHR,欧洲,伦敦,174 ms
172.67.189.85,LHR,欧洲,伦敦,174 ms
104.21.58.84,LHR,欧洲,伦敦,174 ms
172.67.147.179,LHR,欧洲,伦敦,174 ms
104.21.46.7,LHR,欧洲,伦敦,174 ms
104.21.3.102,LHR,欧洲,伦敦,174 ms
104.21.116.8,LHR,欧洲,伦敦,174 ms
172.67.231.232,LHR,欧洲,伦敦,175 ms
104.19.47.125,SJC,北美洲,圣何塞,175 ms
104.19.28.103,SJC,北美洲,圣何塞,175 ms
104.21.107.21,LHR,欧洲,伦敦,175 ms
104.19.8.3,SJC,北美洲,圣何塞,175 ms
162.159.4.40,SJC,北美洲,圣何塞,175 ms
104.19.62.4,SJC,北美洲,圣何塞,175 ms
104.21.30.109,LHR,欧洲,伦敦,175 ms
172.67.184.88,LHR,欧洲,伦敦,175 ms
172.67.162.24,LHR,欧洲,伦敦,175 ms
104.18.76.123,SJC,北美洲,圣何塞,175 ms
104.16.223.150,SJC,北美洲,圣何塞,175 ms
104.19.81.27,SJC,北美洲,圣何塞,175 ms
104.19.92.221,SJC,北美洲,圣何塞,175 ms
104.18.172.45,SJC,北美洲,圣何塞,175 ms
104.19.52.82,SJC,北美洲,圣何塞,175 ms
104.19.22.26,SJC,北美洲,圣何塞,175 ms
104.19.83.97,SJC,北美洲,圣何塞,175 ms
104.19.48.167,SJC,北美洲,圣何塞,176 ms
172.67.138.59,LHR,欧洲,伦敦,176 ms
104.21.40.31,LHR,欧洲,伦敦,176 ms
104.17.245.186,SJC,北美洲,圣何塞,176 ms
104.17.52.9,SJC,北美洲,圣何塞,176 ms
104.18.44.199,SJC,北美洲,圣何塞,176 ms
1.0.0.11,SJC,北美洲,圣何塞,176 ms
172.67.228.170,LHR,欧洲,伦敦,176 ms
104.19.105.35,SJC,北美洲,圣何塞,176 ms
104.21.80.222,LHR,欧洲,伦敦,176 ms
1.0.0.88,SJC,北美洲,圣何塞,176 ms
104.18.74.86,SJC,北美洲,圣何塞,176 ms
104.16.232.130,SJC,北美洲,圣何塞,176 ms
1.0.0.222,SJC,北美洲,圣何塞,176 ms
104.19.119.36,SJC,北美洲,圣何塞,176 ms
104.16.176.223,SJC,北美洲,圣何塞,176 ms
104.21.52.28,LHR,欧洲,伦敦,176 ms
104.16.145.44,SJC,北美洲,圣何塞,176 ms
172.67.157.150,LHR,欧洲,伦敦,176 ms
162.159.207.14,SJC,北美洲,圣何塞,176 ms
172.67.133.125,LHR,欧洲,伦敦,177 ms
172.67.176.252,LHR,欧洲,伦敦,177 ms
172.67.183.1,LHR,欧洲,伦敦,177 ms
1.0.0.233,SJC,北美洲,圣何塞,177 ms
104.21.219.110,LHR,欧洲,伦敦,177 ms
104.18.171.136,SJC,北美洲,圣何塞,177 ms
104.17.72.31,SJC,北美洲,圣何塞,177 ms
104.21.111.154,LHR,欧洲,伦敦,177 ms
104.21.49.6,LHR,欧洲,伦敦,177 ms
104.19.216.204,SJC,北美洲,圣何塞,177 ms
104.16.194.34,SJC,北美洲,圣何塞,177 ms
172.67.244.241,LHR,欧洲,伦敦,177 ms
172.67.200.42,LHR,欧洲,伦敦,178 ms
104.21.106.124,LHR,欧洲,伦敦,178 ms
104.19.61.206,SJC,北美洲,圣何塞,178 ms
1.0.0.154,SJC,北美洲,圣何塞,178 ms
188.164.158.0,SJC,北美洲,圣何塞,178 ms
104.21.78.24,LHR,欧洲,伦敦,178 ms
104.18.108.238,SJC,北美洲,圣何塞,178 ms
104.21.81.179,LHR,欧洲,伦敦,178 ms
104.21.82.91,LHR,欧洲,伦敦,178 ms
172.67.254.174,LHR,欧洲,伦敦,178 ms
104.16.18.218,SJC,北美洲,圣何塞,178 ms
104.16.137.136,SJC,北美洲,圣何塞,179 ms
172.67.219.116,LHR,欧洲,伦敦,179 ms
104.21.41.32,LHR,欧洲,伦敦,179 ms
172.64.38.234,SJC,北美洲,圣何塞,179 ms
172.66.47.136,SJC,北美洲,圣何塞,179 ms
104.19.97.151,SJC,北美洲,圣何塞,179 ms
172.67.137.247,LHR,欧洲,伦敦,179 ms
1.0.0.176,SJC,北美洲,圣何塞,179 ms
104.19.60.78,SJC,北美洲,圣何塞,179 ms
104.21.34.32,LHR,欧洲,伦敦,179 ms
104.21.39.90,LHR,欧洲,伦敦,179 ms
104.19.5.190,SJC,北美洲,圣何塞,180 ms
104.17.131.212,SJC,北美洲,圣何塞,180 ms
172.67.186.135,LHR,欧洲,伦敦,180 ms
104.19.84.176,SJC,北美洲,圣何塞,180 ms
188.114.96.101,LHR,欧洲,伦敦,180 ms
104.17.212.238,SJC,北美洲,圣何塞,180 ms
1.0.0.218,SJC,北美洲,圣何塞,180 ms
104.21.217.136,LHR,欧洲,伦敦,180 ms
172.67.241.152,LHR,欧洲,伦敦,180 ms
104.19.104.137,SJC,北美洲,圣何塞,180 ms
104.18.241.199,SJC,北美洲,圣何塞,180 ms
1.0.0.17,SJC,北美洲,圣何塞,180 ms
104.21.124.120,LHR,欧洲,伦敦,181 ms
104.16.158.252,SJC,北美洲,圣何塞,181 ms
172.67.150.56,LHR,欧洲,伦敦,181 ms
170.114.46.156,SJC,北美洲,圣何塞,181 ms
172.66.40.1,SJC,北美洲,圣何塞,181 ms
1.0.0.158,SJC,北美洲,圣何塞,181 ms
104.19.90.13,SJC,北美洲,圣何塞,181 ms
104.21.65.85,LHR,欧洲,伦敦,181 ms
172.67.214.170,LHR,欧洲,伦敦,181 ms
172.67.239.132,LHR,欧洲,伦敦,181 ms
104.16.98.16,SJC,北美洲,圣何塞,181 ms
172.67.225.137,LHR,欧洲,伦敦,181 ms
104.19.26.129,SJC,北美洲,圣何塞,181 ms
104.16.148.25,SJC,北美洲,圣何塞,181 ms
173.245.58.109,SJC,北美洲,圣何塞,182 ms
1.0.0.203,SJC,北美洲,圣何塞,182 ms
104.21.61.74,LHR,欧洲,伦敦,182 ms
104.21.86.226,LHR,欧洲,伦敦,182 ms
104.21.193.63,LHR,欧洲,伦敦,182 ms
104.19.56.221,SJC,北美洲,圣何塞,182 ms
104.21.70.208,LHR,欧洲,伦敦,183 ms
104.18.60.229,SJC,北美洲,圣何塞,183 ms
104.19.120.67,SJC,北美洲,圣何塞,183 ms
104.21.22.177,LHR,欧洲,伦敦,183 ms
172.67.211.84,LHR,欧洲,伦敦,183 ms
1.0.0.26,SJC,北美洲,圣何塞,184 ms
104.21.68.57,LHR,欧洲,伦敦,184 ms
104.17.29.4,SJC,北美洲,圣何塞,184 ms
104.19.33.197,SJC,北美洲,圣何塞,184 ms
104.19.94.103,SJC,北美洲,圣何塞,184 ms
104.19.21.5,SJC,北美洲,圣何塞,184 ms
209.46.30.37,SJC,北美洲,圣何塞,184 ms
104.21.125.142,LHR,欧洲,伦敦,185 ms
104.21.79.173,LHR,欧洲,伦敦,185 ms
45.149.12.250,SJC,北美洲,圣何塞,185 ms
104.19.214.144,SJC,北美洲,圣何塞,185 ms
1.0.0.20,SJC,北美洲,圣何塞,185 ms
104.18.56.146,SJC,北美洲,圣何塞,185 ms
104.19.69.41,SJC,北美洲,圣何塞,185 ms
104.16.108.22,SJC,北美洲,圣何塞,185 ms
104.19.41.119,SJC,北美洲,圣何塞,186 ms
104.19.38.215,SJC,北美洲,圣何塞,186 ms
104.16.141.64,SJC,北美洲,圣何塞,186 ms
104.19.1.84,SJC,北美洲,圣何塞,186 ms
104.19.63.99,SJC,北美洲,圣何塞,186 ms
1.0.0.72,SJC,北美洲,圣何塞,186 ms
104.19.30.162,SJC,北美洲,圣何塞,187 ms
104.16.56.194,SJC,北美洲,圣何塞,187 ms
104.18.49.216,SJC,北美洲,圣何塞,187 ms
1.0.0.156,SJC,北美洲,圣何塞,187 ms
172.67.216.179,LHR,欧洲,伦敦,187 ms
1.0.0.181,SJC,北美洲,圣何塞,187 ms
104.19.199.119,SJC,北美洲,圣何塞,187 ms
162.159.140.26,SJC,北美洲,圣何塞,188 ms
104.19.11.23,SJC,北美洲,圣何塞,188 ms
172.67.218.165,LHR,欧洲,伦敦,188 ms
104.19.45.6,SJC,北美洲,圣何塞,189 ms
104.19.3.25,SJC,北美洲,圣何塞,189 ms
160.153.0.60,SJC,北美洲,圣何塞,189 ms
104.19.24.31,SJC,北美洲,圣何塞,189 ms
104.19.113.70,SJC,北美洲,圣何塞,189 ms
104.16.99.119,SJC,北美洲,圣何塞,189 ms
104.18.58.117,SJC,北美洲,圣何塞,190 ms
104.17.3.212,SJC,北美洲,圣何塞,190 ms
104.19.117.136,SJC,北美洲,圣何塞,190 ms
104.16.229.184,SJC,北美洲,圣何塞,190 ms
1.0.0.44,SJC,北美洲,圣何塞,190 ms
104.18.254.161,SJC,北美洲,圣何塞,190 ms
104.19.111.136,SJC,北美洲,圣何塞,191 ms
104.17.174.239,SJC,北美洲,圣何塞,192 ms
104.19.37.168,SJC,北美洲,圣何塞,192 ms
104.21.69.147,LHR,欧洲,伦敦,192 ms
104.16.5.185,SJC,北美洲,圣何塞,193 ms
172.65.218.247,SJC,北美洲,圣何塞,193 ms
1.0.0.218,SJC,北美洲,圣何塞,194 ms
104.18.251.229,SJC,北美洲,圣何塞,194 ms
1.0.0.208,SJC,北美洲,圣何塞,194 ms
162.159.253.63,LAX,北美洲,洛杉矶,194 ms
1.0.0.231,SJC,北美洲,圣何塞,194 ms
104.16.113.169,LAX,北美洲,洛杉矶,194 ms
104.19.255.86,LAX,北美洲,洛杉矶,194 ms
104.19.139.122,LAX,北美洲,洛杉矶,194 ms
104.19.86.121,SJC,北美洲,圣何塞,194 ms
104.18.119.73,LAX,北美洲,洛杉矶,194 ms
104.17.225.223,SJC,北美洲,圣何塞,195 ms
1.0.0.202,SJC,北美洲,圣何塞,195 ms
104.17.33.66,SJC,北美洲,圣何塞,195 ms
1.0.0.105,SJC,北美洲,圣何塞,196 ms
1.0.0.19,SJC,北美洲,圣何塞,196 ms
104.19.248.234,LAX,北美洲,洛杉矶,197 ms
104.18.123.157,LAX,北美洲,洛杉矶,197 ms
162.159.248.193,LAX,北美洲,洛杉矶,197 ms
104.19.99.27,SJC,北美洲,圣何塞,197 ms
1.0.0.175,SJC,北美洲,圣何塞,198 ms
104.18.127.33,LAX,北美洲,洛杉矶,198 ms
104.19.85.119,SJC,北美洲,圣何塞,198 ms
162.159.246.67,LAX,北美洲,洛杉矶,198 ms
162.159.242.38,LAX,北美洲,洛杉矶,198 ms
1.0.0.136,SJC,北美洲,圣何塞,198 ms
104.19.162.188,SJC,北美洲,圣何塞,199 ms
104.16.125.229,LAX,北美洲,洛杉矶,199 ms
104.18.117.10,LAX,北美洲,洛杉矶,199 ms
104.21.226.188,SEA,北美洲,西雅图,199 ms
162.159.38.185,LAX,北美洲,洛杉矶,199 ms
104.18.138.95,SJC,北美洲,圣何塞,199 ms
104.18.5.239,SJC,北美洲,圣何塞,200 ms
104.19.252.244,LAX,北美洲,洛杉矶,200 ms
104.19.249.13,LAX,北美洲,洛杉矶,200 ms
104.18.118.58,LAX,北美洲,洛杉矶,200 ms
104.19.179.42,SJC,北美洲,圣何塞,200 ms
104.16.112.194,LAX,北美洲,洛杉矶,200 ms
104.16.115.111,LAX,北美洲,洛杉矶,201 ms
104.16.116.93,LAX,北美洲,洛杉矶,201 ms
1.0.0.141,SJC,北美洲,圣何塞,201 ms
162.159.247.131,LAX,北美洲,洛杉矶,201 ms
104.19.40.68,SJC,北美洲,圣何塞,201 ms
104.19.143.194,LAX,北美洲,洛杉矶,202 ms
162.159.245.191,LAX,北美洲,洛杉矶,202 ms
162.159.241.201,LAX,北美洲,洛杉矶,202 ms
104.18.28.186,LAX,北美洲,洛杉矶,202 ms
162.159.254.27,LAX,北美洲,洛杉矶,202 ms
162.159.251.16,LAX,北美洲,洛杉矶,202 ms
167.68.5.113,SJC,北美洲,圣何塞,202 ms
104.19.254.31,LAX,北美洲,洛杉矶,202 ms
104.19.141.83,LAX,北美洲,洛杉矶,203 ms
104.19.142.42,LAX,北美洲,洛杉矶,203 ms
104.18.29.180,LAX,北美洲,洛杉矶,203 ms
104.19.240.56,LAX,北美洲,洛杉矶,203 ms
1.0.0.138,SJC,北美洲,圣何塞,203 ms
104.17.242.25,SJC,北美洲,圣何塞,203 ms
1.0.0.2,SJC,北美洲,圣何塞,203 ms
162.159.250.81,LAX,北美洲,洛杉矶,203 ms
104.21.229.233,SEA,北美洲,西雅图,204 ms
104.19.135.137,LAX,北美洲,洛杉矶,204 ms
104.18.20.19,LAX,北美洲,洛杉矶,204 ms
1.0.0.151,SJC,北美洲,圣何塞,204 ms
104.21.234.95,SLC,北美洲,盐湖城,204 ms
104.18.125.186,LAX,北美洲,洛杉矶,204 ms
104.19.213.47,SJC,北美洲,圣何塞,204 ms
104.16.124.139,LAX,北美洲,洛杉矶,204 ms
172.64.149.88,SJC,北美洲,圣何塞,205 ms
104.16.123.87,LAX,北美洲,洛杉矶,205 ms
104.18.27.131,LAX,北美洲,洛杉矶,205 ms
104.21.232.13,SLC,北美洲,盐湖城,205 ms
104.16.118.207,LAX,北美洲,洛杉矶,205 ms
104.18.100.46,SJC,北美洲,圣何塞,205 ms
104.18.120.188,LAX,北美洲,洛杉矶,205 ms
104.16.122.243,LAX,北美洲,洛杉矶,205 ms
104.17.121.195,SJC,北美洲,圣何塞,205 ms
104.19.250.102,LAX,北美洲,洛杉矶,205 ms
104.18.122.179,LAX,北美洲,洛杉矶,205 ms
104.16.126.169,LAX,北美洲,洛杉矶,205 ms
162.159.252.65,LAX,北美洲,洛杉矶,205 ms
104.18.23.141,LAX,北美洲,洛杉矶,206 ms
104.19.140.156,LAX,北美洲,洛杉矶,206 ms
162.159.243.156,LAX,北美洲,洛杉矶,206 ms
162.159.255.150,LAX,北美洲,洛杉矶,206 ms
104.18.21.249,LAX,北美洲,洛杉矶,206 ms
104.21.67.165,LHR,欧洲,伦敦,206 ms
172.64.40.132,LAX,北美洲,洛杉矶,206 ms
104.18.26.19,LAX,北美洲,洛杉矶,206 ms
104.17.252.211,SJC,北美洲,圣何塞,206 ms
104.19.128.170,LAX,北美洲,洛杉矶,206 ms
104.21.227.30,SLC,北美洲,盐湖城,207 ms
162.159.39.168,LAX,北美洲,洛杉矶,207 ms
94.242.230.38,SJC,北美洲,圣何塞,207 ms
198.41.216.103,SJC,北美洲,圣何塞,207 ms
104.21.235.191,SEA,北美洲,西雅图,207 ms
104.19.129.143,LAX,北美洲,洛杉矶,207 ms
104.19.242.172,LAX,北美洲,洛杉矶,208 ms
104.19.134.104,LAX,北美洲,洛杉矶,208 ms
104.19.247.168,LAX,北美洲,洛杉矶,208 ms
104.18.24.199,LAX,北美洲,洛杉矶,208 ms
104.18.36.91,LAX,北美洲,洛杉矶,208 ms
104.18.114.19,LAX,北美洲,洛杉矶,208 ms
104.16.121.27,LAX,北美洲,洛杉矶,209 ms
104.18.126.174,LAX,北美洲,洛杉矶,209 ms
104.18.200.130,SJC,北美洲,圣何塞,209 ms
162.159.45.37,LAX,北美洲,洛杉矶,209 ms
104.17.244.200,SJC,北美洲,圣何塞,209 ms
104.16.119.71,LAX,北美洲,洛杉矶,209 ms
104.18.25.236,LAX,北美洲,洛杉矶,209 ms
104.19.245.178,LAX,北美洲,洛杉矶,209 ms
1.0.0.95,SJC,北美洲,圣何塞,209 ms
1.0.0.155,SJC,北美洲,圣何塞,210 ms
104.18.166.25,SJC,北美洲,圣何塞,210 ms
104.18.116.197,LAX,北美洲,洛杉矶,210 ms
104.19.246.222,LAX,北美洲,洛杉矶,210 ms
104.18.121.41,LAX,北美洲,洛杉矶,210 ms
1.0.0.246,SJC,北美洲,圣何塞,211 ms
1.0.0.18,SJC,北美洲,圣何塞,211 ms
104.21.228.67,SEA,北美洲,西雅图,211 ms
104.16.114.107,LAX,北美洲,洛杉矶,211 ms
104.19.137.64,LAX,北美洲,洛杉矶,211 ms
104.19.132.207,LAX,北美洲,洛杉矶,211 ms
1.0.0.138,SJC,北美洲,圣何塞,211 ms
104.18.18.250,LAX,北美洲,洛杉矶,211 ms
104.18.16.163,LAX,北美洲,洛杉矶,212 ms
104.16.120.222,LAX,北美洲,洛杉矶,212 ms
162.159.244.186,LAX,北美洲,洛杉矶,212 ms
104.19.243.56,LAX,北美洲,洛杉矶,212 ms
104.18.30.165,LAX,北美洲,洛杉矶,212 ms
104.18.17.36,LAX,北美洲,洛杉矶,212 ms
104.18.112.65,LAX,北美洲,洛杉矶,213 ms
104.21.9.35,LHR,欧洲,伦敦,213 ms
104.19.136.45,LAX,北美洲,洛杉矶,213 ms
104.19.131.240,LAX,北美洲,洛杉矶,214 ms
1.0.0.32,SJC,北美洲,圣何塞,214 ms
104.19.241.106,LAX,北美洲,洛杉矶,214 ms
104.21.76.106,LHR,欧洲,伦敦,214 ms
104.17.239.183,SJC,北美洲,圣何塞,214 ms
104.21.25.236,LHR,欧洲,伦敦,214 ms
104.17.241.125,SJC,北美洲,圣何塞,215 ms
104.25.90.168,IAD,北美洲,阿什本,215 ms
104.21.13.183,LHR,欧洲,伦敦,215 ms
172.67.237.65,LHR,欧洲,伦敦,215 ms
104.18.140.208,SJC,北美洲,圣何塞,215 ms
104.18.113.59,LAX,北美洲,洛杉矶,215 ms
162.159.44.125,LAX,北美洲,洛杉矶,215 ms
104.19.163.50,SJC,北美洲,圣何塞,215 ms
104.21.84.249,LHR,欧洲,伦敦,215 ms
104.19.253.229,LAX,北美洲,洛杉矶,215 ms
104.18.115.148,LAX,北美洲,洛杉矶,215 ms
162.159.133.21,SJC,北美洲,圣何塞,215 ms
1.0.0.227,SJC,北美洲,圣何塞,216 ms
104.16.127.30,LAX,北美洲,洛杉矶,216 ms
104.18.22.178,LAX,北美洲,洛杉矶,216 ms
104.19.251.119,LAX,北美洲,洛杉矶,216 ms
104.24.199.97,IAD,北美洲,阿什本,216 ms
104.16.117.69,LAX,北美洲,洛杉矶,216 ms
104.22.27.12,IAD,北美洲,阿什本,216 ms
104.19.244.98,LAX,北美洲,洛杉矶,216 ms
104.24.40.108,IAD,北美洲,阿什本,216 ms
104.21.93.30,LHR,欧洲,伦敦,216 ms
185.193.31.71,SJC,北美洲,圣何塞,216 ms
104.18.19.82,LAX,北美洲,洛杉矶,217 ms
104.25.56.47,IAD,北美洲,阿什本,217 ms
162.159.249.98,LAX,北美洲,洛杉矶,217 ms
162.159.240.209,LAX,北美洲,洛杉矶,217 ms
104.17.197.164,SJC,北美洲,圣何塞,217 ms
104.19.130.62,LAX,北美洲,洛杉矶,217 ms
172.67.178.237,LHR,欧洲,伦敦,217 ms
1.0.0.2,SJC,北美洲,圣何塞,217 ms
104.18.124.247,LAX,北美洲,洛杉矶,217 ms
172.67.171.185,LHR,欧洲,伦敦,217 ms
104.21.108.162,LHR,欧洲,伦敦,217 ms
104.21.14.79,LHR,欧洲,伦敦,217 ms
104.21.45.141,LHR,欧洲,伦敦,217 ms
172.67.135.158,LHR,欧洲,伦敦,217 ms
104.25.10.207,IAD,北美洲,阿什本,217 ms
185.251.83.68,SJC,北美洲,圣何塞,217 ms
104.21.48.14,LHR,欧洲,伦敦,217 ms
172.67.177.111,LHR,欧洲,伦敦,218 ms
104.27.39.93,IAD,北美洲,阿什本,218 ms
1.0.0.231,SJC,北美洲,圣何塞,218 ms
104.20.121.156,IAD,北美洲,阿什本,218 ms
172.67.144.116,LHR,欧洲,伦敦,218 ms
104.21.127.50,LHR,欧洲,伦敦,218 ms
172.67.130.113,LHR,欧洲,伦敦,218 ms
172.67.255.3,LHR,欧洲,伦敦,218 ms
104.20.26.171,IAD,北美洲,阿什本,218 ms
104.19.133.74,LAX,北美洲,洛杉矶,218 ms
172.67.212.140,LHR,欧洲,伦敦,218 ms
108.162.192.87,SJC,北美洲,圣何塞,218 ms
104.24.174.223,IAD,北美洲,阿什本,218 ms
104.18.85.50,SJC,北美洲,圣何塞,218 ms
104.24.216.73,IAD,北美洲,阿什本,218 ms
104.23.142.167,IAD,北美洲,阿什本,218 ms
141.101.113.119,IAD,北美洲,阿什本,218 ms
104.20.183.234,IAD,北美洲,阿什本,218 ms
172.67.136.240,LHR,欧洲,伦敦,218 ms
104.25.166.19,IAD,北美洲,阿什本,218 ms
104.21.6.135,LHR,欧洲,伦敦,218 ms
104.21.17.186,LHR,欧洲,伦敦,218 ms
104.23.114.202,IAD,北美洲,阿什本,219 ms
172.67.190.187,LHR,欧洲,伦敦,219 ms
104.25.138.195,IAD,北美洲,阿什本,219 ms
104.20.99.2,IAD,北美洲,阿什本,219 ms
172.67.101.52,IAD,北美洲,阿什本,219 ms
104.21.8.144,LHR,欧洲,伦敦,219 ms
104.22.57.246,IAD,北美洲,阿什本,219 ms
172.67.61.113,IAD,北美洲,阿什本,219 ms
172.67.169.33,LHR,欧洲,伦敦,219 ms
104.24.85.230,IAD,北美洲,阿什本,219 ms
172.67.65.233,IAD,北美洲,阿什本,219 ms
104.21.231.241,SEA,北美洲,西雅图,219 ms
172.67.105.150,IAD,北美洲,阿什本,219 ms
104.25.81.245,IAD,北美洲,阿什本,219 ms
172.67.199.4,LHR,欧洲,伦敦,219 ms
172.67.192.178,LHR,欧洲,伦敦,220 ms
104.25.48.64,IAD,北美洲,阿什本,220 ms
172.67.55.52,IAD,北美洲,阿什本,220 ms
104.24.16.31,IAD,北美洲,阿什本,220 ms
104.21.207.104,LHR,欧洲,伦敦,220 ms
104.20.31.145,IAD,北美洲,阿什本,220 ms
104.23.119.207,IAD,北美洲,阿什本,220 ms
104.25.4.128,IAD,北美洲,阿什本,220 ms
104.21.214.253,LHR,欧洲,伦敦,220 ms
172.67.141.236,LHR,欧洲,伦敦,220 ms
104.26.10.189,IAD,北美洲,阿什本,220 ms
104.19.223.160,SJC,北美洲,圣何塞,220 ms
104.21.73.68,LHR,欧洲,伦敦,220 ms
104.18.90.121,SJC,北美洲,圣何塞,220 ms
104.23.105.101,IAD,北美洲,阿什本,220 ms
104.24.128.3,IAD,北美洲,阿什本,220 ms
172.67.168.202,LHR,欧洲,伦敦,220 ms
172.67.167.206,LHR,欧洲,伦敦,220 ms
104.21.218.90,LHR,欧洲,伦敦,220 ms
104.24.37.139,IAD,北美洲,阿什本,220 ms
104.22.76.249,IAD,北美洲,阿什本,220 ms
104.20.16.172,IAD,北美洲,阿什本,220 ms
104.25.239.147,IAD,北美洲,阿什本,220 ms
104.21.213.31,LHR,欧洲,伦敦,221 ms
104.27.56.226,IAD,北美洲,阿什本,221 ms
104.25.227.17,IAD,北美洲,阿什本,221 ms
198.41.218.141,SJC,北美洲,圣何塞,221 ms
104.18.31.56,LAX,北美洲,洛杉矶,221 ms
104.27.60.35,IAD,北美洲,阿什本,221 ms
172.67.143.84,LHR,欧洲,伦敦,221 ms
104.25.213.55,IAD,北美洲,阿什本,221 ms
104.27.35.228,IAD,北美洲,阿什本,221 ms
104.21.109.102,LHR,欧洲,伦敦,221 ms
104.20.126.20,IAD,北美洲,阿什本,221 ms
172.67.86.112,IAD,北美洲,阿什本,221 ms
104.20.62.195,IAD,北美洲,阿什本,221 ms
104.24.18.162,IAD,北美洲,阿什本,221 ms
104.25.134.216,IAD,北美洲,阿什本,221 ms
104.24.129.216,IAD,北美洲,阿什本,221 ms
172.67.243.36,LHR,欧洲,伦敦,221 ms
104.25.208.42,IAD,北美洲,阿什本,221 ms
104.25.236.249,IAD,北美洲,阿什本,221 ms
104.21.95.68,LHR,欧洲,伦敦,221 ms
104.19.138.216,LAX,北美洲,洛杉矶,221 ms
104.20.156.33,IAD,北美洲,阿什本,221 ms
172.67.37.118,IAD,北美洲,阿什本,222 ms
104.20.239.194,IAD,北美洲,阿什本,222 ms
104.22.12.158,IAD,北美洲,阿什本,222 ms
104.24.42.92,IAD,北美洲,阿什本,222 ms
104.21.74.14,LHR,欧洲,伦敦,222 ms
104.20.199.1,IAD,北美洲,阿什本,222 ms
104.25.20.168,IAD,北美洲,阿什本,222 ms
104.21.15.186,LHR,欧洲,伦敦,222 ms
104.20.218.34,IAD,北美洲,阿什本,222 ms
104.25.111.177,IAD,北美洲,阿什本,222 ms
104.24.32.33,IAD,北美洲,阿什本,222 ms
104.25.203.188,IAD,北美洲,阿什本,222 ms
104.20.11.201,IAD,北美洲,阿什本,222 ms
104.24.71.167,IAD,北美洲,阿什本,222 ms
104.21.19.220,LHR,欧洲,伦敦,222 ms
104.27.43.95,IAD,北美洲,阿什本,222 ms
172.67.247.247,LHR,欧洲,伦敦,222 ms
104.21.105.125,LHR,欧洲,伦敦,222 ms
172.67.50.92,IAD,北美洲,阿什本,222 ms
172.67.250.148,LHR,欧洲,伦敦,222 ms
104.27.116.122,IAD,北美洲,阿什本,222 ms
104.21.43.204,LHR,欧洲,伦敦,222 ms
104.19.210.246,SJC,北美洲,圣何塞,222 ms
172.67.89.168,IAD,北美洲,阿什本,222 ms
172.67.204.70,LHR,欧洲,伦敦,222 ms
104.20.129.178,IAD,北美洲,阿什本,222 ms
104.21.42.168,LHR,欧洲,伦敦,222 ms
104.20.76.125,IAD,北美洲,阿什本,222 ms
104.21.7.219,LHR,欧洲,伦敦,222 ms
104.27.99.231,IAD,北美洲,阿什本,222 ms
104.24.133.101,IAD,北美洲,阿什本,222 ms
104.21.220.176,LHR,欧洲,伦敦,222 ms
104.21.200.14,LHR,欧洲,伦敦,222 ms
104.24.73.39,IAD,北美洲,阿什本,222 ms
104.24.167.64,IAD,北美洲,阿什本,222 ms
104.27.70.155,IAD,北美洲,阿什本,222 ms
104.25.243.215,IAD,北美洲,阿什本,222 ms
104.25.28.192,IAD,北美洲,阿什本,222 ms
104.25.75.198,IAD,北美洲,阿什本,223 ms
172.67.49.65,IAD,北美洲,阿什本,223 ms
141.101.120.2,SJC,北美洲,圣何塞,223 ms
104.25.1.204,IAD,北美洲,阿什本,223 ms
104.17.249.127,SJC,北美洲,圣何塞,223 ms
104.24.23.142,IAD,北美洲,阿什本,223 ms
172.67.196.168,LHR,欧洲,伦敦,223 ms
104.21.211.130,LHR,欧洲,伦敦,223 ms
104.25.226.92,IAD,北美洲,阿什本,223 ms
104.24.222.12,IAD,北美洲,阿什本,223 ms
104.21.208.207,LHR,欧洲,伦敦,223 ms
104.24.145.28,IAD,北美洲,阿什本,223 ms
104.22.63.223,IAD,北美洲,阿什本,223 ms
172.67.175.89,LHR,欧洲,伦敦,223 ms
104.20.215.204,IAD,北美洲,阿什本,223 ms
172.67.31.236,IAD,北美洲,阿什本,223 ms
172.67.230.73,LHR,欧洲,伦敦,223 ms
104.25.53.10,IAD,北美洲,阿什本,223 ms
104.25.100.32,IAD,北美洲,阿什本,223 ms
104.27.12.224,IAD,北美洲,阿什本,223 ms
104.23.96.126,IAD,北美洲,阿什本,223 ms
104.21.10.149,LHR,欧洲,伦敦,223 ms
104.21.72.144,LHR,欧洲,伦敦,223 ms
104.24.146.16,IAD,北美洲,阿什本,223 ms
104.27.5.133,IAD,北美洲,阿什本,223 ms
104.27.77.244,IAD,北美洲,阿什本,223 ms
104.27.33.226,IAD,北美洲,阿什本,223 ms
104.23.111.101,IAD,北美洲,阿什本,223 ms
172.67.163.178,LHR,欧洲,伦敦,223 ms
104.24.55.65,IAD,北美洲,阿什本,223 ms
104.25.129.145,IAD,北美洲,阿什本,223 ms
104.20.28.23,IAD,北美洲,阿什本,223 ms
104.27.44.72,IAD,北美洲,阿什本,223 ms
104.27.37.69,IAD,北美洲,阿什本,223 ms
104.20.131.220,IAD,北美洲,阿什本,223 ms
172.67.56.180,IAD,北美洲,阿什本,223 ms
172.67.62.126,IAD,北美洲,阿什本,223 ms
104.24.251.88,IAD,北美洲,阿什本,223 ms
104.25.253.70,IAD,北美洲,阿什本,223 ms
172.67.173.141,LHR,欧洲,伦敦,223 ms
104.25.242.22,IAD,北美洲,阿什本,223 ms
104.24.240.182,IAD,北美洲,阿什本,223 ms
104.25.155.211,IAD,北美洲,阿什本,223 ms
104.23.134.240,IAD,北美洲,阿什本,223 ms
104.25.246.49,IAD,北美洲,阿什本,223 ms
172.67.201.145,LHR,欧洲,伦敦,223 ms
104.20.185.28,IAD,北美洲,阿什本,223 ms
104.24.61.136,IAD,北美洲,阿什本,223 ms
104.20.5.228,IAD,北美洲,阿什本,224 ms
104.23.135.201,IAD,北美洲,阿什本,224 ms
104.20.137.224,IAD,北美洲,阿什本,224 ms
104.25.109.48,IAD,北美洲,阿什本,224 ms
104.24.28.71,IAD,北美洲,阿什本,224 ms
104.20.72.102,IAD,北美洲,阿什本,224 ms
104.24.140.132,IAD,北美洲,阿什本,224 ms
104.25.228.177,IAD,北美洲,阿什本,224 ms
104.25.250.248,IAD,北美洲,阿什本,224 ms
104.23.104.221,IAD,北美洲,阿什本,224 ms
104.24.179.203,IAD,北美洲,阿什本,224 ms
104.21.98.30,LHR,欧洲,伦敦,224 ms
104.26.1.41,IAD,北美洲,阿什本,224 ms
104.24.34.248,IAD,北美洲,阿什本,224 ms
172.67.13.98,IAD,北美洲,阿什本,224 ms
104.20.1.140,IAD,北美洲,阿什本,224 ms
104.24.196.197,IAD,北美洲,阿什本,224 ms
104.20.147.129,IAD,北美洲,阿什本,224 ms
104.27.76.211,IAD,北美洲,阿什本,224 ms
104.24.241.213,IAD,北美洲,阿什本,224 ms
104.27.107.179,IAD,北美洲,阿什本,224 ms
104.24.92.15,IAD,北美洲,阿什本,224 ms
172.67.158.247,LHR,欧洲,伦敦,224 ms
104.20.177.224,IAD,北美洲,阿什本,224 ms
104.27.91.226,IAD,北美洲,阿什本,224 ms
172.67.156.246,LHR,欧洲,伦敦,224 ms
104.25.194.128,IAD,北美洲,阿什本,224 ms
104.24.2.143,IAD,北美洲,阿什本,224 ms
172.67.28.101,IAD,北美洲,阿什本,224 ms
104.25.137.172,IAD,北美洲,阿什本,224 ms
104.25.13.70,IAD,北美洲,阿什本,224 ms
104.27.61.108,IAD,北美洲,阿什本,224 ms
104.25.105.209,IAD,北美洲,阿什本,224 ms
104.22.0.181,IAD,北美洲,阿什本,224 ms
104.25.61.121,IAD,北美洲,阿什本,224 ms
104.24.134.105,IAD,北美洲,阿什本,224 ms
104.27.58.14,IAD,北美洲,阿什本,224 ms
104.23.108.185,IAD,北美洲,阿什本,224 ms
104.24.153.67,IAD,北美洲,阿什本,224 ms
172.67.180.201,LHR,欧洲,伦敦,224 ms
104.20.65.116,IAD,北美洲,阿什本,224 ms
104.24.25.219,IAD,北美洲,阿什本,224 ms
104.22.58.147,IAD,北美洲,阿什本,224 ms
104.27.0.201,IAD,北美洲,阿什本,224 ms
104.24.64.214,IAD,北美洲,阿什本,225 ms
104.25.88.108,IAD,北美洲,阿什本,225 ms
162.159.128.23,SJC,北美洲,圣何塞,225 ms
172.67.40.164,IAD,北美洲,阿什本,225 ms
172.65.180.38,IAD,北美洲,阿什本,225 ms
104.27.46.219,IAD,北美洲,阿什本,225 ms
104.24.193.40,IAD,北美洲,阿什本,225 ms
104.24.44.91,IAD,北美洲,阿什本,225 ms
104.27.105.136,IAD,北美洲,阿什本,225 ms
104.22.34.48,IAD,北美洲,阿什本,225 ms
104.20.144.213,IAD,北美洲,阿什本,225 ms
104.22.67.218,IAD,北美洲,阿什本,225 ms
104.25.204.59,IAD,北美洲,阿什本,225 ms
172.67.97.240,IAD,北美洲,阿什本,225 ms
172.67.15.192,IAD,北美洲,阿什本,225 ms
104.24.225.186,IAD,北美洲,阿什本,225 ms
104.20.171.44,IAD,北美洲,阿什本,225 ms
104.25.205.26,IAD,北美洲,阿什本,225 ms
104.25.178.154,IAD,北美洲,阿什本,225 ms
104.21.36.151,LHR,欧洲,伦敦,225 ms
104.20.78.133,IAD,北美洲,阿什本,225 ms
1.0.0.140,SJC,北美洲,圣何塞,225 ms
104.27.109.226,IAD,北美洲,阿什本,225 ms
104.21.195.160,LHR,欧洲,伦敦,225 ms
104.20.8.182,IAD,北美洲,阿什本,225 ms
104.27.126.41,IAD,北美洲,阿什本,225 ms
104.24.176.106,IAD,北美洲,阿什本,225 ms
104.25.12.241,IAD,北美洲,阿什本,225 ms
104.16.8.129,SJC,北美洲,圣何塞,225 ms
104.23.127.150,IAD,北美洲,阿什本,225 ms
104.23.132.10,IAD,北美洲,阿什本,225 ms
104.25.79.43,IAD,北美洲,阿什本,225 ms
104.27.17.23,IAD,北美洲,阿什本,226 ms
104.20.173.31,IAD,北美洲,阿什本,226 ms
172.67.188.210,LHR,欧洲,伦敦,226 ms
104.21.90.93,LHR,欧洲,伦敦,226 ms
104.24.184.59,IAD,北美洲,阿什本,226 ms
104.24.248.25,IAD,北美洲,阿什本,226 ms
104.20.20.13,IAD,北美洲,阿什本,226 ms
104.22.31.7,IAD,北美洲,阿什本,226 ms
104.21.85.149,LHR,欧洲,伦敦,226 ms
104.20.113.97,IAD,北美洲,阿什本,226 ms
172.67.198.139,LHR,欧洲,伦敦,226 ms
108.162.196.139,SJC,北美洲,圣何塞,226 ms
104.24.14.25,IAD,北美洲,阿什本,226 ms
104.24.194.24,IAD,北美洲,阿什本,226 ms
104.23.121.37,IAD,北美洲,阿什本,226 ms
104.24.8.58,IAD,北美洲,阿什本,226 ms
104.22.2.34,IAD,北美洲,阿什本,226 ms
104.22.55.36,IAD,北美洲,阿什本,226 ms
104.21.27.130,LHR,欧洲,伦敦,226 ms
185.162.230.245,SJC,北美洲,圣何塞,226 ms
104.27.1.172,IAD,北美洲,阿什本,226 ms
104.25.30.79,IAD,北美洲,阿什本,226 ms
172.67.174.158,LHR,欧洲,伦敦,226 ms
104.25.67.113,IAD,北美洲,阿什本,226 ms
172.67.30.14,IAD,北美洲,阿什本,226 ms
172.67.79.66,IAD,北美洲,阿什本,226 ms
104.24.154.98,IAD,北美洲,阿什本,226 ms
172.67.87.11,IAD,北美洲,阿什本,226 ms
104.23.117.134,IAD,北美洲,阿什本,226 ms
104.27.68.76,IAD,北美洲,阿什本,226 ms
172.67.90.114,IAD,北美洲,阿什本,226 ms
104.25.92.62,IAD,北美洲,阿什本,226 ms
104.25.251.12,IAD,北美洲,阿什本,226 ms
172.67.208.77,LHR,欧洲,伦敦,226 ms
172.67.120.158,IAD,北美洲,阿什本,226 ms
104.25.106.32,IAD,北美洲,阿什本,226 ms
104.25.240.241,IAD,北美洲,阿什本,226 ms
104.20.250.183,IAD,北美洲,阿什本,226 ms
104.20.246.146,IAD,北美洲,阿什本,226 ms
104.24.67.219,IAD,北美洲,阿什本,226 ms
104.22.11.69,IAD,北美洲,阿什本,226 ms
104.20.57.81,IAD,北美洲,阿什本,226 ms
104.25.231.78,IAD,北美洲,阿什本,226 ms
104.21.216.151,LHR,欧洲,伦敦,226 ms
104.27.54.222,IAD,北美洲,阿什本,226 ms
104.20.180.101,IAD,北美洲,阿什本,226 ms
104.24.147.132,IAD,北美洲,阿什本,226 ms
104.24.175.174,IAD,北美洲,阿什本,226 ms
104.22.49.21,IAD,北美洲,阿什本,226 ms
104.24.171.180,IAD,北美洲,阿什本,226 ms
104.24.247.227,IAD,北美洲,阿什本,226 ms
104.25.141.132,IAD,北美洲,阿什本,226 ms
104.24.236.117,IAD,北美洲,阿什本,226 ms
104.21.71.194,LHR,欧洲,伦敦,226 ms
104.27.199.101,IAD,北美洲,阿什本,227 ms
172.67.210.129,LHR,欧洲,伦敦,227 ms
104.22.16.213,IAD,北美洲,阿什本,227 ms
104.20.242.12,IAD,北美洲,阿什本,227 ms
104.20.216.161,IAD,北美洲,阿什本,227 ms
104.21.0.207,LHR,欧洲,伦敦,227 ms
104.21.101.156,LHR,欧洲,伦敦,227 ms
104.20.120.49,IAD,北美洲,阿什本,227 ms
104.25.60.157,IAD,北美洲,阿什本,227 ms
104.27.29.240,IAD,北美洲,阿什本,227 ms
104.20.236.222,IAD,北美洲,阿什本,227 ms
104.20.234.228,IAD,北美洲,阿什本,227 ms
104.24.137.191,IAD,北美洲,阿什本,227 ms
104.21.59.178,LHR,欧洲,伦敦,227 ms
104.25.76.52,IAD,北美洲,阿什本,227 ms
104.20.195.95,IAD,北美洲,阿什本,227 ms
172.67.193.177,LHR,欧洲,伦敦,227 ms
104.27.79.254,IAD,北美洲,阿什本,227 ms
104.25.150.176,IAD,北美洲,阿什本,227 ms
104.24.36.145,IAD,北美洲,阿什本,227 ms
104.24.207.58,IAD,北美洲,阿什本,227 ms
104.20.55.199,IAD,北美洲,阿什本,227 ms
104.21.18.58,LHR,欧洲,伦敦,227 ms
104.20.186.106,IAD,北美洲,阿什本,227 ms
104.20.201.118,IAD,北美洲,阿什本,227 ms
104.25.52.43,IAD,北美洲,阿什本,227 ms
104.27.111.111,IAD,北美洲,阿什本,227 ms
104.25.235.217,IAD,北美洲,阿什本,227 ms
104.25.136.225,IAD,北美洲,阿什本,227 ms
104.27.114.221,IAD,北美洲,阿什本,227 ms
172.67.172.124,LHR,欧洲,伦敦,227 ms
104.25.116.155,IAD,北美洲,阿什本,227 ms
104.25.43.219,IAD,北美洲,阿什本,227 ms
104.23.115.196,IAD,北美洲,阿什本,227 ms
188.114.99.154,LHR,欧洲,伦敦,227 ms
188.114.98.13,LHR,欧洲,伦敦,227 ms
104.27.112.223,IAD,北美洲,阿什本,227 ms
172.67.108.145,IAD,北美洲,阿什本,227 ms
104.27.98.49,IAD,北美洲,阿什本,227 ms
172.67.36.97,IAD,北美洲,阿什本,227 ms
172.67.4.98,IAD,北美洲,阿什本,227 ms
104.24.178.244,IAD,北美洲,阿什本,227 ms
104.20.247.53,IAD,北美洲,阿什本,227 ms
104.25.223.143,IAD,北美洲,阿什本,227 ms
104.27.69.106,IAD,北美洲,阿什本,227 ms
104.21.122.151,LHR,欧洲,伦敦,227 ms
104.24.10.249,IAD,北美洲,阿什本,227 ms
104.20.226.183,IAD,北美洲,阿什本,227 ms
104.23.107.222,IAD,北美洲,阿什本,227 ms
104.27.2.91,IAD,北美洲,阿什本,227 ms
104.25.3.15,IAD,北美洲,阿什本,227 ms
172.67.99.152,IAD,北美洲,阿什本,227 ms
104.20.146.75,IAD,北美洲,阿什本,227 ms
104.24.139.27,IAD,北美洲,阿什本,228 ms
104.21.66.9,LHR,欧洲,伦敦,228 ms
104.27.119.172,IAD,北美洲,阿什本,228 ms
104.24.53.244,IAD,北美洲,阿什本,228 ms
172.67.17.189,IAD,北美洲,阿什本,228 ms
104.20.159.183,IAD,北美洲,阿什本,228 ms
104.27.87.128,IAD,北美洲,阿什本,228 ms
104.20.212.128,IAD,北美洲,阿什本,228 ms
104.27.67.209,IAD,北美洲,阿什本,228 ms
172.67.125.79,IAD,北美洲,阿什本,228 ms
104.27.200.89,IAD,北美洲,阿什本,228 ms
104.18.10.169,SJC,北美洲,圣何塞,228 ms
104.22.65.96,IAD,北美洲,阿什本,228 ms
104.24.0.29,IAD,北美洲,阿什本,228 ms
172.67.59.189,IAD,北美洲,阿什本,228 ms
172.67.48.193,IAD,北美洲,阿什本,228 ms
104.27.197.214,IAD,北美洲,阿什本,228 ms
104.20.116.21,IAD,北美洲,阿什本,228 ms
104.24.24.78,IAD,北美洲,阿什本,228 ms
104.25.130.227,IAD,北美洲,阿什本,228 ms
104.27.81.195,IAD,北美洲,阿什本,228 ms
172.67.5.75,IAD,北美洲,阿什本,228 ms
104.25.64.253,IAD,北美洲,阿什本,228 ms
104.27.21.155,IAD,北美洲,阿什本,228 ms
104.25.133.73,IAD,北美洲,阿什本,228 ms
104.25.87.161,IAD,北美洲,阿什本,228 ms
104.20.227.31,IAD,北美洲,阿什本,228 ms
104.24.242.239,IAD,北美洲,阿什本,228 ms
104.24.70.12,IAD,北美洲,阿什本,228 ms
104.25.233.122,IAD,北美洲,阿什本,228 ms
104.27.31.139,IAD,北美洲,阿什本,228 ms
104.24.155.114,IAD,北美洲,阿什本,228 ms
104.20.149.160,IAD,北美洲,阿什本,228 ms
104.25.36.173,IAD,北美洲,阿什本,228 ms
104.24.239.154,IAD,北美洲,阿什本,228 ms
104.27.13.35,IAD,北美洲,阿什本,228 ms
104.27.20.48,IAD,北美洲,阿什本,228 ms
104.24.205.248,IAD,北美洲,阿什本,228 ms
104.27.104.125,IAD,北美洲,阿什本,228 ms
104.24.183.133,IAD,北美洲,阿什本,228 ms
104.22.79.81,IAD,北美洲,阿什本,228 ms
104.22.77.97,IAD,北美洲,阿什本,228 ms
104.20.24.27,IAD,北美洲,阿什本,228 ms
104.21.60.249,LHR,欧洲,伦敦,229 ms
172.67.41.70,IAD,北美洲,阿什本,229 ms
104.16.210.7,SJC,北美洲,圣何塞,229 ms
172.67.242.214,LHR,欧洲,伦敦,229 ms
104.19.217.19,SJC,北美洲,圣何塞,229 ms
104.25.151.49,IAD,北美洲,阿什本,229 ms
162.159.34.166,IAD,北美洲,阿什本,229 ms
104.239.72.231,SJC,北美洲,圣何塞,229 ms
104.24.31.59,IAD,北美洲,阿什本,229 ms
104.22.46.242,IAD,北美洲,阿什本,229 ms
104.25.15.236,IAD,北美洲,阿什本,229 ms
104.20.237.222,IAD,北美洲,阿什本,229 ms
104.25.142.206,IAD,北美洲,阿什本,229 ms
104.24.177.137,IAD,北美洲,阿什本,229 ms
172.67.78.143,IAD,北美洲,阿什本,229 ms
172.67.39.97,IAD,北美洲,阿什本,229 ms
104.20.112.84,IAD,北美洲,阿什本,229 ms
104.24.135.249,IAD,北美洲,阿什本,229 ms
172.67.85.253,IAD,北美洲,阿什本,229 ms
104.24.95.186,IAD,北美洲,阿什本,229 ms
104.24.84.52,IAD,北美洲,阿什本,229 ms
172.67.126.54,IAD,北美洲,阿什本,229 ms
104.20.208.94,IAD,北美洲,阿什本,229 ms
172.67.72.38,IAD,北美洲,阿什本,229 ms
104.21.64.226,LHR,欧洲,伦敦,229 ms
104.25.25.105,IAD,北美洲,阿什本,229 ms
104.20.84.72,IAD,北美洲,阿什本,229 ms
104.27.93.174,IAD,北美洲,阿什本,229 ms
104.25.33.52,IAD,北美洲,阿什本,229 ms
104.25.85.129,IAD,北美洲,阿什本,229 ms
104.24.47.173,IAD,北美洲,阿什本,229 ms
104.20.52.45,IAD,北美洲,阿什本,229 ms
104.24.208.230,IAD,北美洲,阿什本,229 ms
104.20.105.158,IAD,北美洲,阿什本,229 ms
104.20.189.59,IAD,北美洲,阿什本,229 ms
104.27.57.191,IAD,北美洲,阿什本,229 ms
104.25.140.115,IAD,北美洲,阿什本,229 ms
172.67.23.127,IAD,北美洲,阿什本,229 ms
104.24.202.195,IAD,北美洲,阿什本,229 ms
104.21.118.76,LHR,欧洲,伦敦,229 ms
104.21.119.228,LHR,欧洲,伦敦,229 ms
104.22.69.102,IAD,北美洲,阿什本,229 ms
104.25.35.109,IAD,北美洲,阿什本,229 ms
104.20.148.176,IAD,北美洲,阿什本,229 ms
104.19.172.141,SJC,北美洲,圣何塞,229 ms
104.25.174.129,IAD,北美洲,阿什本,229 ms
104.18.7.77,SJC,北美洲,圣何塞,229 ms
104.24.218.183,IAD,北美洲,阿什本,229 ms
104.24.245.178,IAD,北美洲,阿什本,229 ms
104.24.15.186,IAD,北美洲,阿什本,229 ms
104.20.210.79,IAD,北美洲,阿什本,229 ms
104.24.21.86,IAD,北美洲,阿什本,230 ms
141.101.121.233,SJC,北美洲,圣何塞,230 ms
104.25.99.10,IAD,北美洲,阿什本,230 ms
104.27.108.255,IAD,北美洲,阿什本,230 ms
104.25.5.3,IAD,北美洲,阿什本,230 ms
104.27.92.70,IAD,北美洲,阿什本,230 ms
104.24.59.185,IAD,北美洲,阿什本,230 ms
104.27.118.251,IAD,北美洲,阿什本,230 ms
104.25.201.200,IAD,北美洲,阿什本,230 ms
104.24.83.169,IAD,北美洲,阿什本,230 ms
162.159.43.130,IAD,北美洲,阿什本,230 ms
104.22.28.6,IAD,北美洲,阿什本,230 ms
104.22.1.194,IAD,北美洲,阿什本,230 ms
104.24.229.39,IAD,北美洲,阿什本,230 ms
104.20.220.7,IAD,北美洲,阿什本,230 ms
104.24.191.182,IAD,北美洲,阿什本,230 ms
172.67.229.80,LHR,欧洲,伦敦,230 ms
172.67.68.215,IAD,北美洲,阿什本,230 ms
104.25.103.181,IAD,北美洲,阿什本,230 ms
104.20.214.195,IAD,北美洲,阿什本,230 ms
104.24.223.15,IAD,北美洲,阿什本,230 ms
104.25.145.155,IAD,北美洲,阿什本,230 ms
104.22.5.128,IAD,北美洲,阿什本,230 ms
104.27.127.218,IAD,北美洲,阿什本,230 ms
104.20.141.112,IAD,北美洲,阿什本,230 ms
104.25.197.152,IAD,北美洲,阿什本,230 ms
104.20.187.98,IAD,北美洲,阿什本,230 ms
104.25.22.121,IAD,北美洲,阿什本,230 ms
104.20.204.185,IAD,北美洲,阿什本,230 ms
104.20.74.19,IAD,北美洲,阿什本,230 ms
104.24.141.207,IAD,北美洲,阿什本,230 ms
172.67.22.95,IAD,北美洲,阿什本,230 ms
198.41.194.233,SJC,北美洲,圣何塞,230 ms
104.25.162.214,IAD,北美洲,阿什本,230 ms
104.24.54.193,IAD,北美洲,阿什本,230 ms
104.27.74.5,IAD,北美洲,阿什本,230 ms
104.22.19.30,IAD,北美洲,阿什本,230 ms
104.24.60.221,IAD,北美洲,阿什本,230 ms
104.25.211.212,IAD,北美洲,阿什本,230 ms
104.24.173.212,IAD,北美洲,阿什本,230 ms
104.23.103.204,IAD,北美洲,阿什本,230 ms
104.25.189.128,IAD,北美洲,阿什本,230 ms
104.25.86.54,IAD,北美洲,阿什本,230 ms
104.25.91.63,IAD,北美洲,阿什本,230 ms
104.25.104.174,IAD,北美洲,阿什本,230 ms
104.21.203.88,LHR,欧洲,伦敦,230 ms
104.23.143.6,IAD,北美洲,阿什本,230 ms
172.67.110.192,IAD,北美洲,阿什本,230 ms
104.27.66.7,IAD,北美洲,阿什本,230 ms
172.67.74.75,IAD,北美洲,阿什本,231 ms
104.25.224.228,IAD,北美洲,阿什本,231 ms
172.67.27.171,IAD,北美洲,阿什本,231 ms
172.67.6.27,IAD,北美洲,阿什本,231 ms
104.25.156.184,IAD,北美洲,阿什本,231 ms
104.24.91.222,IAD,北美洲,阿什本,231 ms
104.25.255.220,IAD,北美洲,阿什本,231 ms
104.25.212.99,IAD,北美洲,阿什本,231 ms
104.20.67.162,IAD,北美洲,阿什本,231 ms
172.67.0.89,IAD,北美洲,阿什本,231 ms
104.20.54.113,IAD,北美洲,阿什本,231 ms
172.67.207.213,LHR,欧洲,伦敦,231 ms
172.67.223.183,LHR,欧洲,伦敦,231 ms
104.20.153.163,IAD,北美洲,阿什本,231 ms
104.20.213.61,IAD,北美洲,阿什本,231 ms
172.67.106.3,IAD,北美洲,阿什本,231 ms
104.25.115.201,IAD,北美洲,阿什本,231 ms
104.20.87.111,IAD,北美洲,阿什本,231 ms
172.67.227.32,LHR,欧洲,伦敦,231 ms
104.20.114.233,IAD,北美洲,阿什本,231 ms
172.67.47.9,IAD,北美洲,阿什本,231 ms
104.20.15.88,IAD,北美洲,阿什本,231 ms
104.16.153.236,SJC,北美洲,圣何塞,231 ms
104.24.212.94,IAD,北美洲,阿什本,231 ms
104.24.30.148,IAD,北美洲,阿什本,231 ms
104.20.222.157,IAD,北美洲,阿什本,231 ms
104.22.22.219,IAD,北美洲,阿什本,231 ms
104.20.152.46,IAD,北美洲,阿什本,231 ms
172.67.81.66,IAD,北美洲,阿什本,231 ms
104.24.130.178,IAD,北美洲,阿什本,231 ms
104.25.119.180,IAD,北美洲,阿什本,231 ms
104.25.249.53,IAD,北美洲,阿什本,231 ms
172.67.165.214,LHR,欧洲,伦敦,231 ms
104.25.39.132,IAD,北美洲,阿什本,231 ms
104.18.252.226,SJC,北美洲,圣何塞,231 ms
104.16.13.144,SJC,北美洲,圣何塞,231 ms
104.20.77.187,IAD,北美洲,阿什本,231 ms
104.20.123.5,IAD,北美洲,阿什本,231 ms
104.24.156.220,IAD,北美洲,阿什本,231 ms
104.25.110.220,IAD,北美洲,阿什本,231 ms
104.20.42.136,IAD,北美洲,阿什本,231 ms
104.20.132.200,IAD,北美洲,阿什本,231 ms
172.67.53.24,IAD,北美洲,阿什本,231 ms
104.20.81.5,IAD,北美洲,阿什本,231 ms
104.25.96.120,IAD,北美洲,阿什本,231 ms
172.67.104.177,IAD,北美洲,阿什本,231 ms
104.20.168.19,IAD,北美洲,阿什本,231 ms
172.67.92.128,IAD,北美洲,阿什本,231 ms
104.27.95.55,IAD,北美洲,阿什本,231 ms
104.24.149.207,IAD,北美洲,阿什本,232 ms
104.25.163.220,IAD,北美洲,阿什本,232 ms
104.20.231.36,IAD,北美洲,阿什本,232 ms
172.67.221.146,LHR,欧洲,伦敦,232 ms
104.20.188.168,IAD,北美洲,阿什本,232 ms
104.25.176.11,IAD,北美洲,阿什本,232 ms
104.20.82.60,IAD,北美洲,阿什本,232 ms
104.20.110.171,IAD,北美洲,阿什本,232 ms
104.25.80.37,IAD,北美洲,阿什本,232 ms
104.25.192.234,IAD,北美洲,阿什本,232 ms
104.23.116.188,IAD,北美洲,阿什本,232 ms
104.20.157.21,IAD,北美洲,阿什本,232 ms
104.20.158.213,IAD,北美洲,阿什本,232 ms
104.25.118.64,IAD,北美洲,阿什本,232 ms
104.20.115.217,IAD,北美洲,阿什本,232 ms
104.21.63.115,LHR,欧洲,伦敦,232 ms
104.20.14.19,IAD,北美洲,阿什本,232 ms
104.20.223.191,IAD,北美洲,阿什本,232 ms
104.20.203.51,IAD,北美洲,阿什本,232 ms
104.24.45.68,IAD,北美洲,阿什本,232 ms
172.67.123.23,IAD,北美洲,阿什本,232 ms
172.67.98.72,IAD,北美洲,阿什本,232 ms
104.27.23.51,IAD,北美洲,阿什本,232 ms
104.20.219.6,IAD,北美洲,阿什本,232 ms
104.27.59.97,IAD,北美洲,阿什本,232 ms
104.24.162.187,IAD,北美洲,阿什本,232 ms
104.27.7.231,IAD,北美洲,阿什本,232 ms
104.25.72.22,IAD,北美洲,阿什本,232 ms
104.20.9.236,IAD,北美洲,阿什本,232 ms
104.22.45.24,IAD,北美洲,阿什本,232 ms
104.23.98.245,IAD,北美洲,阿什本,232 ms
104.27.72.174,IAD,北美洲,阿什本,232 ms
104.25.44.134,IAD,北美洲,阿什本,232 ms
104.27.9.42,IAD,北美洲,阿什本,232 ms
104.25.210.236,IAD,北美洲,阿什本,232 ms
104.24.94.232,IAD,北美洲,阿什本,232 ms
104.24.201.40,IAD,北美洲,阿什本,232 ms
172.67.94.18,IAD,北美洲,阿什本,232 ms
104.27.94.234,IAD,北美洲,阿什本,233 ms
104.20.178.162,IAD,北美洲,阿什本,233 ms
104.21.35.121,LHR,欧洲,伦敦,233 ms
104.20.170.221,IAD,北美洲,阿什本,233 ms
104.20.108.236,IAD,北美洲,阿什本,233 ms
104.23.128.56,IAD,北美洲,阿什本,233 ms
45.80.110.208,SJC,北美洲,圣何塞,233 ms
104.23.131.53,IAD,北美洲,阿什本,233 ms
104.25.254.89,IAD,北美洲,阿什本,233 ms
104.25.175.77,IAD,北美洲,阿什本,233 ms
104.20.73.119,IAD,北美洲,阿什本,233 ms
104.20.93.166,IAD,北美洲,阿什本,233 ms
104.26.2.99,IAD,北美洲,阿什本,233 ms
104.22.3.244,IAD,北美洲,阿什本,233 ms
104.24.187.143,IAD,北美洲,阿什本,233 ms
104.27.26.220,IAD,北美洲,阿什本,233 ms
104.21.205.146,LHR,欧洲,伦敦,233 ms
172.67.222.65,LHR,欧洲,伦敦,233 ms
1.0.0.203,SJC,北美洲,圣何塞,233 ms
172.67.1.19,IAD,北美洲,阿什本,233 ms
104.27.97.24,IAD,北美洲,阿什本,233 ms
1.0.0.45,SJC,北美洲,圣何塞,233 ms
104.27.22.204,IAD,北美洲,阿什本,233 ms
104.20.17.70,IAD,北美洲,阿什本,233 ms
104.26.14.203,IAD,北美洲,阿什本,233 ms
104.23.101.223,IAD,北美洲,阿什本,233 ms
104.16.59.195,SJC,北美洲,圣何塞,233 ms
104.20.233.43,IAD,北美洲,阿什本,233 ms
104.25.195.222,IAD,北美洲,阿什本,233 ms
104.24.192.191,IAD,北美洲,阿什本,233 ms
104.25.26.7,IAD,北美洲,阿什本,233 ms
104.25.21.83,IAD,北美洲,阿什本,233 ms
104.25.29.233,IAD,北美洲,阿什本,233 ms
104.24.213.94,IAD,北美洲,阿什本,233 ms
172.67.2.121,IAD,北美洲,阿什本,233 ms
172.67.111.73,IAD,北美洲,阿什本,233 ms
104.20.200.56,IAD,北美洲,阿什本,233 ms
104.25.184.15,IAD,北美洲,阿什本,233 ms
104.25.73.60,IAD,北美洲,阿什本,233 ms
104.24.255.62,IAD,北美洲,阿什本,233 ms
104.24.160.102,IAD,北美洲,阿什本,233 ms
104.25.135.198,IAD,北美洲,阿什本,233 ms
141.101.115.27,SJC,北美洲,圣何塞,233 ms
104.25.165.168,IAD,北美洲,阿什本,233 ms
172.67.84.93,IAD,北美洲,阿什本,233 ms
104.24.4.41,IAD,北美洲,阿什本,233 ms
172.67.96.182,IAD,北美洲,阿什本,233 ms
172.67.73.118,IAD,北美洲,阿什本,233 ms
104.20.90.87,IAD,北美洲,阿什本,234 ms
104.27.206.12,IAD,北美洲,阿什本,234 ms
104.23.136.176,IAD,北美洲,阿什本,234 ms
104.25.70.79,IAD,北美洲,阿什本,234 ms
104.20.245.192,IAD,北美洲,阿什本,234 ms
172.67.3.163,IAD,北美洲,阿什本,234 ms
104.20.12.184,IAD,北美洲,阿什本,234 ms
172.67.12.88,IAD,北美洲,阿什本,234 ms
104.22.9.170,IAD,北美洲,阿什本,234 ms
104.26.5.70,IAD,北美洲,阿什本,234 ms
104.20.64.93,IAD,北美洲,阿什本,234 ms
104.20.29.129,IAD,北美洲,阿什本,234 ms
104.24.249.111,IAD,北美洲,阿什本,234 ms
104.24.233.18,IAD,北美洲,阿什本,234 ms
172.67.69.85,IAD,北美洲,阿什本,234 ms
104.22.8.153,IAD,北美洲,阿什本,234 ms
172.67.116.83,IAD,北美洲,阿什本,234 ms
104.24.238.224,IAD,北美洲,阿什本,234 ms
104.20.66.228,IAD,北美洲,阿什本,234 ms
172.67.217.135,LHR,欧洲,伦敦,234 ms
104.20.6.120,IAD,北美洲,阿什本,234 ms
104.24.211.64,IAD,北美洲,阿什本,234 ms
104.25.173.225,IAD,北美洲,阿什本,234 ms
104.24.6.62,IAD,北美洲,阿什本,235 ms
104.20.167.243,IAD,北美洲,阿什本,235 ms
172.67.21.57,IAD,北美洲,阿什本,235 ms
104.27.16.102,IAD,北美洲,阿什本,235 ms
104.25.50.214,IAD,北美洲,阿什本,235 ms
104.25.225.194,IAD,北美洲,阿什本,235 ms
104.24.75.14,IAD,北美洲,阿什本,235 ms
172.67.66.183,IAD,北美洲,阿什本,235 ms
104.25.122.85,IAD,北美洲,阿什本,235 ms
104.20.60.226,IAD,北美洲,阿什本,235 ms
104.27.123.247,IAD,北美洲,阿什本,235 ms
104.25.244.244,IAD,北美洲,阿什本,235 ms
172.67.58.19,IAD,北美洲,阿什本,235 ms
104.25.71.74,IAD,北美洲,阿什本,235 ms
104.24.150.148,IAD,北美洲,阿什本,235 ms
104.24.204.196,IAD,北美洲,阿什本,235 ms
172.67.117.14,IAD,北美洲,阿什本,235 ms
104.25.78.154,IAD,北美洲,阿什本,235 ms
104.24.80.199,IAD,北美洲,阿什本,235 ms
104.25.169.94,IAD,北美洲,阿什本,235 ms
104.25.170.181,IAD,北美洲,阿什本,235 ms
172.67.152.129,LHR,欧洲,伦敦,235 ms
104.20.240.6,IAD,北美洲,阿什本,235 ms
104.24.136.125,IAD,北美洲,阿什本,236 ms
104.25.147.45,IAD,北美洲,阿什本,236 ms
104.24.182.131,IAD,北美洲,阿什本,236 ms
104.26.3.114,IAD,北美洲,阿什本,236 ms
104.20.53.168,IAD,北美洲,阿什本,236 ms
104.24.243.78,IAD,北美洲,阿什本,236 ms
104.24.1.150,IAD,北美洲,阿什本,236 ms
23.227.39.219,SJC,北美洲,圣何塞,236 ms
104.20.37.79,IAD,北美洲,阿什本,236 ms
104.17.231.237,SJC,北美洲,圣何塞,236 ms
104.26.12.173,IAD,北美洲,阿什本,236 ms
104.22.33.157,IAD,北美洲,阿什本,236 ms
104.27.51.79,IAD,北美洲,阿什本,236 ms
104.16.128.34,SJC,北美洲,圣何塞,236 ms
172.67.64.152,IAD,北美洲,阿什本,236 ms
104.20.253.14,IAD,北美洲,阿什本,236 ms
104.16.236.172,SJC,北美洲,圣何塞,236 ms
104.24.203.86,IAD,北美洲,阿什本,236 ms
104.25.149.43,IAD,北美洲,阿什本,236 ms
104.16.234.201,SJC,北美洲,圣何塞,236 ms
104.22.52.168,IAD,北美洲,阿什本,236 ms
104.25.181.92,IAD,北美洲,阿什本,236 ms
104.20.97.205,IAD,北美洲,阿什本,236 ms
104.25.117.81,IAD,北美洲,阿什本,236 ms
104.27.3.215,IAD,北美洲,阿什本,236 ms
104.20.111.11,IAD,北美洲,阿什本,237 ms
104.25.252.68,IAD,北美洲,阿什本,237 ms
172.67.127.70,IAD,北美洲,阿什本,237 ms
104.25.74.182,IAD,北美洲,阿什本,237 ms
104.16.208.216,SJC,北美洲,圣何塞,237 ms
104.24.74.105,IAD,北美洲,阿什本,237 ms
104.25.62.254,IAD,北美洲,阿什本,237 ms
104.27.194.85,IAD,北美洲,阿什本,237 ms
104.22.29.215,IAD,北美洲,阿什本,237 ms
172.67.34.250,IAD,北美洲,阿什本,237 ms
104.20.22.215,IAD,北美洲,阿什本,237 ms
104.22.75.237,IAD,北美洲,阿什本,237 ms
104.25.132.195,IAD,北美洲,阿什本,237 ms
162.159.46.47,SJC,北美洲,圣何塞,237 ms
104.24.158.125,IAD,北美洲,阿什本,237 ms
172.67.16.85,IAD,北美洲,阿什本,237 ms
104.24.19.135,IAD,北美洲,阿什本,237 ms
104.25.183.252,IAD,北美洲,阿什本,237 ms
104.25.148.60,IAD,北美洲,阿什本,237 ms
104.24.217.36,IAD,北美洲,阿什本,237 ms
104.24.164.193,IAD,北美洲,阿什本,238 ms
104.24.93.251,IAD,北美洲,阿什本,238 ms
104.20.241.239,IAD,北美洲,阿什本,238 ms
104.24.144.171,IAD,北美洲,阿什本,238 ms
172.67.35.83,IAD,北美洲,阿什本,238 ms
104.27.84.135,IAD,北美洲,阿什本,238 ms
104.20.134.250,IAD,北美洲,阿什本,238 ms
104.25.187.22,IAD,北美洲,阿什本,238 ms
104.24.210.6,IAD,北美洲,阿什本,238 ms
104.26.15.139,IAD,北美洲,阿什本,238 ms
104.25.34.84,IAD,北美洲,阿什本,238 ms
104.24.69.65,IAD,北美洲,阿什本,238 ms
104.24.72.196,IAD,北美洲,阿什本,238 ms
104.16.1.110,SJC,北美洲,圣何塞,238 ms
104.22.21.169,IAD,北美洲,阿什本,238 ms
104.20.196.184,IAD,北美洲,阿什本,238 ms
104.16.81.111,SJC,北美洲,圣何塞,238 ms
104.25.65.64,IAD,北美洲,阿什本,238 ms
216.205.52.29,SJC,北美洲,圣何塞,238 ms
185.162.229.171,SJC,北美洲,圣何塞,238 ms
104.20.49.75,IAD,北美洲,阿什本,238 ms
104.25.68.43,IAD,北美洲,阿什本,238 ms
104.24.214.157,IAD,北美洲,阿什本,238 ms
104.16.85.132,SJC,北美洲,圣何塞,239 ms
104.16.48.246,SJC,北美洲,圣何塞,239 ms
104.22.71.138,IAD,北美洲,阿什本,239 ms
104.22.10.32,IAD,北美洲,阿什本,239 ms
104.22.20.181,IAD,北美洲,阿什本,239 ms
104.20.21.78,IAD,北美洲,阿什本,239 ms
104.25.120.57,IAD,北美洲,阿什本,239 ms
104.25.2.141,IAD,北美洲,阿什本,239 ms
172.67.76.139,IAD,北美洲,阿什本,239 ms
104.27.62.240,IAD,北美洲,阿什本,239 ms
104.20.192.36,IAD,北美洲,阿什本,239 ms
172.67.114.33,IAD,北美洲,阿什本,239 ms
104.25.38.119,IAD,北美洲,阿什本,239 ms
172.67.161.25,LHR,欧洲,伦敦,239 ms
104.24.143.128,IAD,北美洲,阿什本,239 ms
162.159.42.231,IAD,北美洲,阿什本,239 ms
104.20.221.60,IAD,北美洲,阿什本,239 ms
172.67.93.210,IAD,北美洲,阿什本,239 ms
104.18.238.194,SJC,北美洲,圣何塞,239 ms
104.20.101.90,IAD,北美洲,阿什本,239 ms
104.24.252.95,IAD,北美洲,阿什本,239 ms
104.25.171.246,IAD,北美洲,阿什本,239 ms
104.24.163.191,IAD,北美洲,阿什本,239 ms
104.20.230.167,IAD,北美洲,阿什本,239 ms
104.27.34.82,IAD,北美洲,阿什本,239 ms
104.27.27.148,IAD,北美洲,阿什本,239 ms
104.25.6.187,IAD,北美洲,阿什本,239 ms
104.25.11.166,IAD,北美洲,阿什本,240 ms
104.25.144.124,IAD,北美洲,阿什本,240 ms
104.23.110.67,IAD,北美洲,阿什本,240 ms
104.25.113.221,IAD,北美洲,阿什本,240 ms
1.0.0.87,SJC,北美洲,圣何塞,240 ms
104.24.46.127,IAD,北美洲,阿什本,240 ms
104.20.190.120,IAD,北美洲,阿什本,240 ms
104.20.164.59,IAD,北美洲,阿什本,240 ms
104.17.156.183,SJC,北美洲,圣何塞,240 ms
104.20.133.198,IAD,北美洲,阿什本,240 ms
104.16.77.143,SJC,北美洲,圣何塞,240 ms
104.20.50.252,IAD,北美洲,阿什本,240 ms
172.67.95.217,IAD,北美洲,阿什本,240 ms
104.22.60.65,IAD,北美洲,阿什本,240 ms
104.23.123.108,IAD,北美洲,阿什本,240 ms
104.20.7.155,IAD,北美洲,阿什本,240 ms
104.27.96.60,IAD,北美洲,阿什本,240 ms
104.24.87.14,IAD,北美洲,阿什本,240 ms
104.22.42.57,IAD,北美洲,阿什本,240 ms
104.25.97.237,IAD,北美洲,阿什本,240 ms
104.24.138.94,IAD,北美洲,阿什本,240 ms
104.25.160.249,IAD,北美洲,阿什本,240 ms
104.20.163.234,IAD,北美洲,阿什本,240 ms
1.0.0.112,SJC,北美洲,圣何塞,240 ms
104.25.186.125,IAD,北美洲,阿什本,240 ms
172.67.45.9,IAD,北美洲,阿什本,240 ms
104.20.68.199,IAD,北美洲,阿什本,241 ms
104.24.181.190,IAD,北美洲,阿什本,241 ms
104.27.64.134,IAD,北美洲,阿什本,241 ms
104.25.18.175,IAD,北美洲,阿什本,241 ms
104.24.39.121,IAD,北美洲,阿什本,241 ms
104.27.202.62,IAD,北美洲,阿什本,241 ms
104.25.172.115,IAD,北美洲,阿什本,241 ms
104.27.75.123,IAD,北美洲,阿什本,241 ms
104.25.41.237,IAD,北美洲,阿什本,241 ms
104.24.82.81,IAD,北美洲,阿什本,241 ms
104.22.15.184,IAD,北美洲,阿什本,241 ms
104.24.157.78,IAD,北美洲,阿什本,241 ms
172.67.8.92,IAD,北美洲,阿什本,241 ms
104.24.159.211,IAD,北美洲,阿什本,242 ms
104.26.13.220,IAD,北美洲,阿什本,242 ms
172.67.46.99,IAD,北美洲,阿什本,242 ms
104.16.146.41,SJC,北美洲,圣何塞,242 ms
104.22.56.110,IAD,北美洲,阿什本,242 ms
104.20.165.222,IAD,北美洲,阿什本,242 ms
104.25.114.120,IAD,北美洲,阿什本,242 ms
104.20.13.209,IAD,北美洲,阿什本,242 ms
104.17.202.212,SJC,北美洲,圣何塞,242 ms
104.22.18.86,IAD,北美洲,阿什本,242 ms
104.20.225.185,IAD,北美洲,阿什本,242 ms
45.159.216.131,SJC,北美洲,圣何塞,242 ms
45.131.6.184,SJC,北美洲,圣何塞,242 ms
104.20.91.233,IAD,北美洲,阿什本,242 ms
104.22.37.205,IAD,北美洲,阿什本,242 ms
104.24.206.86,IAD,北美洲,阿什本,242 ms
104.25.139.190,IAD,北美洲,阿什本,242 ms
104.24.22.174,IAD,北美洲,阿什本,242 ms
104.25.198.139,IAD,北美洲,阿什本,242 ms
104.26.8.227,IAD,北美洲,阿什本,242 ms
104.27.42.68,IAD,北美洲,阿什本,242 ms
172.67.24.9,IAD,北美洲,阿什本,242 ms
5.10.247.233,SJC,北美洲,圣何塞,243 ms
104.24.3.201,IAD,北美洲,阿什本,243 ms
104.27.49.205,IAD,北美洲,阿什本,243 ms
104.19.208.184,SJC,北美洲,圣何塞,243 ms
104.20.145.66,IAD,北美洲,阿什本,243 ms
104.20.41.244,IAD,北美洲,阿什本,243 ms
172.67.119.189,IAD,北美洲,阿什本,243 ms
104.25.95.158,IAD,北美洲,阿什本,243 ms
104.27.15.195,IAD,北美洲,阿什本,243 ms
172.64.32.83,SJC,北美洲,圣何塞,243 ms
172.67.77.202,IAD,北美洲,阿什本,243 ms
172.67.113.156,IAD,北美洲,阿什本,243 ms
104.25.199.97,IAD,北美洲,阿什本,243 ms
104.18.15.152,SJC,北美洲,圣何塞,243 ms
1.0.0.117,SJC,北美洲,圣何塞,243 ms
104.24.65.143,IAD,北美洲,阿什本,243 ms
172.67.42.137,IAD,北美洲,阿什本,243 ms
172.67.26.29,IAD,北美洲,阿什本,243 ms
104.27.32.179,IAD,北美洲,阿什本,243 ms
104.24.246.248,IAD,北美洲,阿什本,244 ms
104.24.26.91,IAD,北美洲,阿什本,244 ms
104.22.30.218,IAD,北美洲,阿什本,244 ms
1.0.0.9,SJC,北美洲,圣何塞,244 ms
104.22.72.23,IAD,北美洲,阿什本,244 ms
104.20.96.106,IAD,北美洲,阿什本,244 ms
104.25.157.92,IAD,北美洲,阿什本,244 ms
104.20.249.226,IAD,北美洲,阿什本,244 ms
104.25.31.208,IAD,北美洲,阿什本,244 ms
104.27.28.183,IAD,北美洲,阿什本,244 ms
104.20.51.119,IAD,北美洲,阿什本,244 ms
104.25.27.212,IAD,北美洲,阿什本,244 ms
104.22.54.196,IAD,北美洲,阿什本,244 ms
104.24.190.66,IAD,北美洲,阿什本,244 ms
104.25.102.20,IAD,北美洲,阿什本,244 ms
104.27.115.103,IAD,北美洲,阿什本,244 ms
104.20.70.180,IAD,北美洲,阿什本,244 ms
162.159.134.165,SJC,北美洲,圣何塞,244 ms
104.20.154.183,IAD,北美洲,阿什本,244 ms
104.24.161.53,IAD,北美洲,阿什本,244 ms
104.25.127.175,IAD,北美洲,阿什本,244 ms
104.27.88.166,IAD,北美洲,阿什本,244 ms
104.20.125.146,IAD,北美洲,阿什本,244 ms
94.242.231.172,SJC,北美洲,圣何塞,244 ms
172.67.57.246,IAD,北美洲,阿什本,245 ms
104.20.207.246,IAD,北美洲,阿什本,245 ms
172.67.19.193,IAD,北美洲,阿什本,245 ms
172.67.82.136,IAD,北美洲,阿什本,245 ms
172.64.230.127,SJC,北美洲,圣何塞,245 ms
104.25.245.167,IAD,北美洲,阿什本,245 ms
104.22.24.118,IAD,北美洲,阿什本,245 ms
104.27.204.246,IAD,北美洲,阿什本,245 ms
104.22.44.255,IAD,北美洲,阿什本,245 ms
104.25.232.201,IAD,北美洲,阿什本,245 ms
172.67.25.227,IAD,北美洲,阿什本,245 ms
104.24.57.9,IAD,北美洲,阿什本,245 ms
104.20.43.232,IAD,北美洲,阿什本,245 ms
104.16.225.158,SJC,北美洲,圣何塞,245 ms
104.24.215.28,IAD,北美洲,阿什本,245 ms
104.23.97.59,IAD,北美洲,阿什本,245 ms
104.26.4.23,IAD,北美洲,阿什本,245 ms
104.23.138.49,IAD,北美洲,阿什本,245 ms
104.20.34.96,IAD,北美洲,阿什本,245 ms
104.27.6.231,IAD,北美洲,阿什本,245 ms
104.27.78.62,IAD,北美洲,阿什本,245 ms
104.20.79.236,IAD,北美洲,阿什本,245 ms
172.67.44.75,IAD,北美洲,阿什本,245 ms
172.67.75.107,IAD,北美洲,阿什本,245 ms
104.27.53.212,IAD,北美洲,阿什本,245 ms
104.18.223.106,SJC,北美洲,圣何塞,245 ms
104.23.129.170,IAD,北美洲,阿什本,246 ms
104.27.85.35,IAD,北美洲,阿什本,246 ms
104.25.218.148,IAD,北美洲,阿什本,246 ms
104.27.30.146,IAD,北美洲,阿什本,246 ms
104.20.238.191,IAD,北美洲,阿什本,246 ms
104.25.161.224,IAD,北美洲,阿什本,246 ms
104.25.83.161,IAD,北美洲,阿什本,246 ms
104.24.132.145,IAD,北美洲,阿什本,246 ms
104.25.7.11,IAD,北美洲,阿什本,246 ms
104.24.228.126,IAD,北美洲,阿什本,246 ms
104.21.230.198,DFW,北美洲,达拉斯,246 ms
104.22.6.184,IAD,北美洲,阿什本,246 ms
104.18.63.130,SJC,北美洲,圣何塞,246 ms
104.25.188.118,IAD,北美洲,阿什本,246 ms
104.25.94.127,IAD,北美洲,阿什本,246 ms
104.22.36.86,IAD,北美洲,阿什本,246 ms
104.25.220.138,IAD,北美洲,阿什本,246 ms
104.19.203.76,SJC,北美洲,圣何塞,246 ms
104.24.131.33,IAD,北美洲,阿什本,246 ms
104.25.177.127,IAD,北美洲,阿什本,246 ms
172.67.107.126,IAD,北美洲,阿什本,246 ms
104.27.48.23,IAD,北美洲,阿什本,246 ms
104.20.75.70,IAD,北美洲,阿什本,246 ms
104.20.191.136,IAD,北美洲,阿什本,246 ms
172.67.91.140,IAD,北美洲,阿什本,246 ms
104.25.131.81,IAD,北美洲,阿什本,246 ms
104.25.234.190,IAD,北美洲,阿什本,246 ms
162.159.160.12,CDG,欧洲,巴黎,246 ms
104.25.84.216,IAD,北美洲,阿什本,247 ms
104.25.221.130,IAD,北美洲,阿什本,247 ms
104.16.49.8,SJC,北美洲,圣何塞,247 ms
104.18.176.155,SJC,北美洲,圣何塞,247 ms
104.21.238.254,DFW,北美洲,达拉斯,247 ms
104.25.8.94,IAD,北美洲,阿什本,247 ms
104.21.225.157,DFW,北美洲,达拉斯,247 ms
104.24.185.22,IAD,北美洲,阿什本,247 ms
104.25.121.115,IAD,北美洲,阿什本,247 ms
104.23.118.114,IAD,北美洲,阿什本,247 ms
104.25.101.162,IAD,北美洲,阿什本,247 ms
104.25.200.235,IAD,北美洲,阿什本,247 ms
172.67.10.192,IAD,北美洲,阿什本,247 ms
89.117.112.133,SJC,北美洲,圣何塞,247 ms
104.27.203.211,IAD,北美洲,阿什本,247 ms
104.22.43.56,IAD,北美洲,阿什本,247 ms
104.20.35.181,IAD,北美洲,阿什本,247 ms
104.25.112.18,IAD,北美洲,阿什本,247 ms
104.24.209.38,IAD,北美洲,阿什本,247 ms
104.25.69.109,IAD,北美洲,阿什本,247 ms
104.20.124.98,IAD,北美洲,阿什本,247 ms
104.24.51.72,IAD,北美洲,阿什本,247 ms
104.19.239.20,SJC,北美洲,圣何塞,248 ms
104.24.52.47,IAD,北美洲,阿什本,248 ms
104.24.11.58,IAD,北美洲,阿什本,248 ms
104.27.90.164,IAD,北美洲,阿什本,248 ms
104.23.133.112,IAD,北美洲,阿什本,248 ms
104.17.123.197,SJC,北美洲,圣何塞,248 ms
104.20.160.14,IAD,北美洲,阿什本,248 ms
104.27.86.255,IAD,北美洲,阿什本,248 ms
104.17.92.58,SJC,北美洲,圣何塞,248 ms
104.24.224.118,IAD,北美洲,阿什本,248 ms
172.67.11.66,IAD,北美洲,阿什本,248 ms
172.67.52.252,IAD,北美洲,阿什本,248 ms
104.24.200.121,IAD,北美洲,阿什本,248 ms
198.41.212.171,IAD,北美洲,阿什本,248 ms
172.67.118.241,IAD,北美洲,阿什本,248 ms
104.20.38.88,IAD,北美洲,阿什本,248 ms
104.25.9.109,IAD,北美洲,阿什本,248 ms
172.66.44.178,SJC,北美洲,圣何塞,248 ms
104.25.214.52,IAD,北美洲,阿什本,248 ms
104.20.36.158,IAD,北美洲,阿什本,248 ms
104.16.164.255,SJC,北美洲,圣何塞,248 ms
104.20.209.204,IAD,北美洲,阿什本,248 ms
104.25.57.241,IAD,北美洲,阿什本,248 ms
104.20.27.99,IAD,北美洲,阿什本,248 ms
104.22.74.25,IAD,北美洲,阿什本,248 ms
104.16.94.168,SJC,北美洲,圣何塞,248 ms
104.24.189.48,IAD,北美洲,阿什本,248 ms
172.67.33.98,IAD,北美洲,阿什本,248 ms
104.20.122.167,IAD,北美洲,阿什本,248 ms
104.24.221.10,IAD,北美洲,阿什本,249 ms
104.24.197.101,IAD,北美洲,阿什本,249 ms
104.22.68.155,IAD,北美洲,阿什本,249 ms
104.23.124.221,IAD,北美洲,阿什本,249 ms
104.22.7.53,IAD,北美洲,阿什本,249 ms
104.27.106.28,IAD,北美洲,阿什本,249 ms
104.22.62.45,IAD,北美洲,阿什本,249 ms
104.22.13.86,IAD,北美洲,阿什本,249 ms
104.20.119.109,IAD,北美洲,阿什本,249 ms
172.67.38.29,IAD,北美洲,阿什本,249 ms
104.23.125.52,IAD,北美洲,阿什本,249 ms
185.193.28.232,SJC,北美洲,圣何塞,249 ms
104.25.17.40,IAD,北美洲,阿什本,249 ms
103.11.214.164,SJC,北美洲,圣何塞,249 ms
162.159.136.248,SJC,北美洲,圣何塞,249 ms
104.24.29.91,IAD,北美洲,阿什本,249 ms
104.17.90.157,SJC,北美洲,圣何塞,249 ms
104.25.98.163,IAD,北美洲,阿什本,249 ms
104.22.61.66,IAD,北美洲,阿什本,249 ms
104.25.93.89,IAD,北美洲,阿什本,249 ms
104.27.89.92,IAD,北美洲,阿什本,249 ms
104.23.137.172,IAD,北美洲,阿什本,249 ms
104.25.196.170,IAD,北美洲,阿什本,249 ms
104.25.108.150,IAD,北美洲,阿什本,249 ms
172.67.43.192,IAD,北美洲,阿什本,249 ms
104.20.243.184,IAD,北美洲,阿什本,249 ms
104.24.81.164,IAD,北美洲,阿什本,249 ms
104.25.47.211,IAD,北美洲,阿什本,249 ms
104.23.122.27,IAD,北美洲,阿什本,250 ms
104.25.185.68,IAD,北美洲,阿什本,250 ms
104.20.175.131,IAD,北美洲,阿什本,250 ms
104.24.43.75,IAD,北美洲,阿什本,250 ms
104.20.19.203,IAD,北美洲,阿什本,250 ms
104.20.30.177,IAD,北美洲,阿什本,250 ms
104.25.82.253,IAD,北美洲,阿什本,250 ms
104.25.152.163,IAD,北美洲,阿什本,250 ms
104.22.35.61,IAD,北美洲,阿什本,250 ms
162.159.41.105,SJC,北美洲,圣何塞,250 ms
104.23.113.116,IAD,北美洲,阿什本,250 ms
104.25.207.234,IAD,北美洲,阿什本,250 ms
104.22.39.227,IAD,北美洲,阿什本,250 ms
104.25.229.78,IAD,北美洲,阿什本,250 ms
104.27.14.245,IAD,北美洲,阿什本,250 ms
104.25.164.212,IAD,北美洲,阿什本,250 ms
104.24.253.250,IAD,北美洲,阿什本,250 ms
104.22.32.116,IAD,北美洲,阿什本,250 ms
104.24.48.189,IAD,北美洲,阿什本,250 ms
172.67.9.86,IAD,北美洲,阿什本,250 ms
172.67.51.253,IAD,北美洲,阿什本,250 ms
104.22.41.173,IAD,北美洲,阿什本,250 ms
1.0.0.18,SJC,北美洲,圣何塞,250 ms
104.23.120.134,IAD,北美洲,阿什本,250 ms
104.27.41.124,IAD,北美洲,阿什本,250 ms
104.22.14.242,IAD,北美洲,阿什本,250 ms
104.24.219.91,IAD,北美洲,阿什本,250 ms
104.25.42.209,IAD,北美洲,阿什本,251 ms
104.25.51.73,IAD,北美洲,阿什本,251 ms
104.20.25.202,IAD,北美洲,阿什本,251 ms
104.24.38.50,IAD,北美洲,阿什本,251 ms
104.25.179.87,IAD,北美洲,阿什本,251 ms
104.27.47.177,IAD,北美洲,阿什本,251 ms
104.25.154.0,IAD,北美洲,阿什本,251 ms
104.20.56.132,IAD,北美洲,阿什本,251 ms
104.25.126.5,IAD,北美洲,阿什本,251 ms
104.19.233.79,SJC,北美洲,圣何塞,251 ms
104.20.174.118,IAD,北美洲,阿什本,251 ms
156.252.3.198,SJC,北美洲,圣何塞,251 ms
104.20.181.169,IAD,北美洲,阿什本,251 ms
104.18.75.63,SJC,北美洲,圣何塞,251 ms
104.20.47.106,IAD,北美洲,阿什本,251 ms
1.0.0.239,SJC,北美洲,圣何塞,251 ms
104.25.37.164,IAD,北美洲,阿什本,252 ms
104.25.66.52,IAD,北美洲,阿什本,252 ms
104.21.224.133,DFW,北美洲,达拉斯,252 ms
104.20.254.200,IAD,北美洲,阿什本,252 ms
104.23.102.242,IAD,北美洲,阿什本,252 ms
104.25.168.176,IAD,北美洲,阿什本,252 ms
172.67.63.18,IAD,北美洲,阿什本,252 ms
172.67.103.212,IAD,北美洲,阿什本,252 ms
104.20.139.23,IAD,北美洲,阿什本,252 ms
104.24.234.151,IAD,北美洲,阿什本,252 ms
104.20.48.237,IAD,北美洲,阿什本,252 ms
104.17.183.24,SJC,北美洲,圣何塞,252 ms
104.22.40.134,IAD,北美洲,阿什本,252 ms
104.23.130.219,IAD,北美洲,阿什本,252 ms
104.25.59.72,IAD,北美洲,阿什本,252 ms
104.25.193.95,IAD,北美洲,阿什本,252 ms
104.20.85.218,IAD,北美洲,阿什本,252 ms
104.25.46.254,IAD,北美洲,阿什本,252 ms
104.24.20.179,IAD,北美洲,阿什本,252 ms
104.23.141.157,IAD,北美洲,阿什本,253 ms
104.20.89.100,IAD,北美洲,阿什本,253 ms
104.20.100.80,IAD,北美洲,阿什本,253 ms
104.23.126.190,IAD,北美洲,阿什本,253 ms
104.20.0.213,IAD,北美洲,阿什本,253 ms
104.24.58.231,IAD,北美洲,阿什本,253 ms
104.20.140.81,IAD,北美洲,阿什本,253 ms
104.24.17.239,IAD,北美洲,阿什本,253 ms
104.27.83.103,IAD,北美洲,阿什本,253 ms
172.67.70.111,IAD,北美洲,阿什本,253 ms
104.23.100.233,IAD,北美洲,阿什本,253 ms
104.27.19.8,IAD,北美洲,阿什本,253 ms
104.23.106.140,IAD,北美洲,阿什本,254 ms
104.27.25.229,IAD,北美洲,阿什本,254 ms
104.22.25.213,IAD,北美洲,阿什本,254 ms
104.24.227.238,IAD,北美洲,阿什本,254 ms
104.21.56.178,LHR,欧洲,伦敦,254 ms
104.20.194.207,IAD,北美洲,阿什本,254 ms
104.25.16.119,IAD,北美洲,阿什本,254 ms
104.20.106.93,IAD,北美洲,阿什本,254 ms
104.27.36.38,IAD,北美洲,阿什本,254 ms
104.24.56.156,IAD,北美洲,阿什本,254 ms
172.67.100.124,IAD,北美洲,阿什本,254 ms
104.22.48.193,IAD,北美洲,阿什本,254 ms
104.20.232.127,IAD,北美洲,阿什本,254 ms
104.24.165.198,IAD,北美洲,阿什本,254 ms
104.27.73.137,IAD,北美洲,阿什本,255 ms
104.25.40.11,IAD,北美洲,阿什本,255 ms
1.0.0.51,SJC,北美洲,圣何塞,255 ms
104.22.78.95,IAD,北美洲,阿什本,255 ms
104.20.184.52,IAD,北美洲,阿什本,255 ms
104.20.130.128,IAD,北美洲,阿什本,255 ms
104.27.8.102,IAD,北美洲,阿什本,255 ms
93.114.65.106,SJC,北美洲,圣何塞,255 ms
104.27.71.144,IAD,北美洲,阿什本,255 ms
104.27.201.236,IAD,北美洲,阿什本,255 ms
1.0.0.199,SJC,北美洲,圣何塞,255 ms
104.18.214.236,SJC,北美洲,圣何塞,255 ms
104.25.206.150,IAD,北美洲,阿什本,255 ms
104.25.0.107,IAD,北美洲,阿什本,255 ms
104.20.71.10,IAD,北美洲,阿什本,255 ms
104.16.25.23,SJC,北美洲,圣何塞,255 ms
104.21.233.121,DFW,北美洲,达拉斯,255 ms
104.20.197.217,IAD,北美洲,阿什本,255 ms
104.27.11.63,IAD,北美洲,阿什本,255 ms
104.20.63.23,IAD,北美洲,阿什本,255 ms
104.27.24.104,IAD,北美洲,阿什本,255 ms
104.20.211.249,IAD,北美洲,阿什本,255 ms
104.20.166.2,IAD,北美洲,阿什本,256 ms
104.20.228.213,IAD,北美洲,阿什本,256 ms
104.26.9.76,IAD,北美洲,阿什本,256 ms
104.25.24.237,IAD,北美洲,阿什本,256 ms
104.25.216.134,IAD,北美洲,阿什本,256 ms
104.20.162.192,IAD,北美洲,阿什本,256 ms
104.25.191.93,IAD,北美洲,阿什本,256 ms
104.17.19.64,SJC,北美洲,圣何塞,256 ms
104.25.215.237,IAD,北美洲,阿什本,256 ms
172.67.20.120,IAD,北美洲,阿什本,257 ms
104.27.65.53,IAD,北美洲,阿什本,257 ms
104.25.158.91,IAD,北美洲,阿什本,257 ms
104.22.59.181,IAD,北美洲,阿什本,257 ms
104.25.128.179,IAD,北美洲,阿什本,257 ms
172.67.102.187,IAD,北美洲,阿什本,257 ms
104.26.7.82,IAD,北美洲,阿什本,257 ms
104.24.79.71,IAD,北美洲,阿什本,257 ms
104.25.190.3,IAD,北美洲,阿什本,257 ms
104.27.120.219,IAD,北美洲,阿什本,257 ms
104.20.107.126,IAD,北美洲,阿什本,257 ms
104.26.6.247,IAD,北美洲,阿什本,257 ms
104.22.50.228,IAD,北美洲,阿什本,258 ms
172.67.29.51,IAD,北美洲,阿什本,258 ms
104.19.160.39,SJC,北美洲,圣何塞,258 ms
104.24.232.122,IAD,北美洲,阿什本,258 ms
104.20.3.83,IAD,北美洲,阿什本,258 ms
104.25.23.228,IAD,北美洲,阿什本,258 ms
104.17.97.78,SJC,北美洲,圣何塞,258 ms
104.24.7.61,IAD,北美洲,阿什本,258 ms
104.19.200.49,SJC,北美洲,圣何塞,258 ms
104.25.143.134,IAD,北美洲,阿什本,258 ms
104.23.109.171,IAD,北美洲,阿什本,258 ms
104.20.61.214,IAD,北美洲,阿什本,258 ms
104.20.205.64,IAD,北美洲,阿什本,258 ms
104.24.186.2,IAD,北美洲,阿什本,259 ms
104.20.23.13,IAD,北美洲,阿什本,259 ms
104.20.58.215,IAD,北美洲,阿什本,259 ms
104.16.16.36,SJC,北美洲,圣何塞,259 ms
104.25.58.69,IAD,北美洲,阿什本,259 ms
104.20.33.85,IAD,北美洲,阿什本,259 ms
104.20.202.2,IAD,北美洲,阿什本,260 ms
104.20.94.131,IAD,北美洲,阿什本,260 ms
104.27.192.16,IAD,北美洲,阿什本,260 ms
104.25.238.16,IAD,北美洲,阿什本,260 ms
104.20.39.236,IAD,北美洲,阿什本,260 ms
104.27.195.171,IAD,北美洲,阿什本,260 ms
104.25.182.128,IAD,北美洲,阿什本,260 ms
104.20.206.217,IAD,北美洲,阿什本,260 ms
104.24.151.94,IAD,北美洲,阿什本,260 ms
104.27.4.157,IAD,北美洲,阿什本,260 ms
104.20.104.130,IAD,北美洲,阿什本,260 ms
5.10.245.93,SJC,北美洲,圣何塞,260 ms
104.20.193.125,IAD,北美洲,阿什本,260 ms
104.18.52.66,SJC,北美洲,圣何塞,260 ms
104.20.182.240,IAD,北美洲,阿什本,260 ms
172.67.122.68,IAD,北美洲,阿什本,261 ms
104.24.27.156,IAD,北美洲,阿什本,261 ms
104.24.172.71,IAD,北美洲,阿什本,261 ms
104.20.248.230,IAD,北美洲,阿什本,261 ms
162.159.141.32,SJC,北美洲,圣何塞,261 ms
104.20.18.33,IAD,北美洲,阿什本,261 ms
104.20.46.228,IAD,北美洲,阿什本,261 ms
104.22.64.43,IAD,北美洲,阿什本,261 ms
185.162.228.71,SJC,北美洲,圣何塞,261 ms
104.25.247.24,IAD,北美洲,阿什本,261 ms
104.20.117.176,IAD,北美洲,阿什本,261 ms
104.24.88.116,IAD,北美洲,阿什本,261 ms
104.25.124.69,IAD,北美洲,阿什本,261 ms
104.18.154.196,SJC,北美洲,圣何塞,262 ms
104.16.65.23,SJC,北美洲,圣何塞,262 ms
104.20.4.48,IAD,北美洲,阿什本,262 ms
104.27.122.58,IAD,北美洲,阿什本,262 ms
104.18.150.215,SJC,北美洲,圣何塞,262 ms
104.22.66.174,IAD,北美洲,阿什本,262 ms
1.0.0.119,SJC,北美洲,圣何塞,262 ms
104.20.59.118,IAD,北美洲,阿什本,262 ms
1.0.0.22,SJC,北美洲,圣何塞,262 ms
104.22.70.212,IAD,北美洲,阿什本,262 ms
104.25.219.160,IAD,北美洲,阿什本,262 ms
104.20.161.179,IAD,北美洲,阿什本,262 ms
1.0.0.94,SJC,北美洲,圣何塞,262 ms
1.0.0.14,SJC,北美洲,圣何塞,263 ms
104.18.2.185,SJC,北美洲,圣何塞,263 ms
104.24.195.221,IAD,北美洲,阿什本,263 ms
104.25.180.238,IAD,北美洲,阿什本,263 ms
104.20.45.174,IAD,北美洲,阿什本,263 ms
172.67.112.214,IAD,北美洲,阿什本,263 ms
104.20.136.93,IAD,北美洲,阿什本,263 ms
104.18.59.118,SJC,北美洲,圣何塞,263 ms
104.24.35.219,IAD,北美洲,阿什本,263 ms
104.24.142.91,IAD,北美洲,阿什本,263 ms
162.159.35.30,IAD,北美洲,阿什本,263 ms
104.27.207.175,IAD,北美洲,阿什本,263 ms
104.18.146.22,SJC,北美洲,圣何塞,264 ms
104.25.237.205,IAD,北美洲,阿什本,264 ms
104.20.80.224,IAD,北美洲,阿什本,264 ms
104.20.88.211,IAD,北美洲,阿什本,264 ms
104.20.86.53,IAD,北美洲,阿什本,264 ms
104.27.10.234,IAD,北美洲,阿什本,264 ms
104.24.49.80,IAD,北美洲,阿什本,264 ms
45.131.7.254,SJC,北美洲,圣何塞,264 ms
104.20.224.153,IAD,北美洲,阿什本,264 ms
104.24.226.229,IAD,北美洲,阿什本,264 ms
104.27.18.245,IAD,北美洲,阿什本,264 ms
104.25.159.59,IAD,北美洲,阿什本,264 ms
104.27.124.103,IAD,北美洲,阿什本,264 ms
104.254.140.63,SJC,北美洲,圣何塞,264 ms
104.22.23.56,IAD,北美洲,阿什本,264 ms
104.27.125.237,IAD,北美洲,阿什本,264 ms
104.16.244.54,SJC,北美洲,圣何塞,264 ms
104.19.228.233,SJC,北美洲,圣何塞,264 ms
154.197.64.182,SJC,北美洲,圣何塞,265 ms
104.22.73.171,IAD,北美洲,阿什本,265 ms
172.67.71.205,IAD,北美洲,阿什本,265 ms
104.20.169.64,IAD,北美洲,阿什本,265 ms
45.131.5.214,SJC,北美洲,圣何塞,265 ms
172.67.60.215,IAD,北美洲,阿什本,265 ms
104.21.236.90,DFW,北美洲,达拉斯,265 ms
104.24.168.181,IAD,北美洲,阿什本,265 ms
162.159.238.131,BUF,北美洲,水牛城,265 ms
104.19.181.78,SJC,北美洲,圣何塞,265 ms
173.245.59.76,SJC,北美洲,圣何塞,265 ms
104.22.38.168,IAD,北美洲,阿什本,265 ms
104.24.13.93,IAD,北美洲,阿什本,265 ms
104.24.250.81,IAD,北美洲,阿什本,265 ms
1.0.0.45,SJC,北美洲,圣何塞,265 ms
104.26.0.34,IAD,北美洲,阿什本,265 ms
104.27.198.107,IAD,北美洲,阿什本,266 ms
104.16.57.8,SJC,北美洲,圣何塞,266 ms
104.25.230.40,IAD,北美洲,阿什本,266 ms
104.25.125.101,IAD,北美洲,阿什本,266 ms
104.20.44.146,IAD,北美洲,阿什本,266 ms
104.24.68.155,IAD,北美洲,阿什本,266 ms
104.21.28.169,LHR,欧洲,伦敦,266 ms
172.67.83.241,IAD,北美洲,阿什本,266 ms
172.64.144.247,SJC,北美洲,圣何塞,266 ms
104.21.212.231,LHR,欧洲,伦敦,266 ms
104.24.254.105,IAD,北美洲,阿什本,266 ms
104.20.118.92,IAD,北美洲,阿什本,266 ms
104.19.173.187,SJC,北美洲,圣何塞,266 ms
104.27.63.244,IAD,北美洲,阿什本,266 ms
104.20.102.196,IAD,北美洲,阿什本,266 ms
104.27.80.84,IAD,北美洲,阿什本,267 ms
104.20.69.24,IAD,北美洲,阿什本,267 ms
104.19.144.137,SJC,北美洲,圣何塞,267 ms
104.22.53.39,IAD,北美洲,阿什本,267 ms
176.126.206.48,SJC,北美洲,圣何塞,267 ms
104.24.5.178,IAD,北美洲,阿什本,267 ms
1.0.0.187,SJC,北美洲,圣何塞,267 ms
104.21.1.44,LHR,欧洲,伦敦,267 ms
104.25.14.104,IAD,北美洲,阿什本,267 ms
104.20.251.227,IAD,北美洲,阿什本,267 ms
104.25.32.197,IAD,北美洲,阿什本,267 ms
104.25.123.149,IAD,北美洲,阿什本,268 ms
104.27.101.123,IAD,北美洲,阿什本,268 ms
104.25.217.149,IAD,北美洲,阿什本,268 ms
198.41.215.167,SJC,北美洲,圣何塞,268 ms
104.27.110.81,IAD,北美洲,阿什本,268 ms
172.67.121.36,IAD,北美洲,阿什本,268 ms
104.25.54.171,IAD,北美洲,阿什本,268 ms
104.17.69.179,SJC,北美洲,圣何塞,268 ms
104.21.202.201,LHR,欧洲,伦敦,268 ms
104.24.50.39,IAD,北美洲,阿什本,268 ms
162.159.209.92,BUF,北美洲,水牛城,268 ms
104.20.32.208,IAD,北美洲,阿什本,268 ms
104.24.244.144,IAD,北美洲,阿什本,268 ms
104.21.239.38,DFW,北美洲,达拉斯,268 ms
104.18.221.16,SJC,北美洲,圣何塞,269 ms
172.67.220.246,LHR,欧洲,伦敦,269 ms
104.24.62.100,IAD,北美洲,阿什本,269 ms
104.27.205.206,IAD,北美洲,阿什本,269 ms
1.0.0.246,SJC,北美洲,圣何塞,269 ms
102.177.189.11,SJC,北美洲,圣何塞,269 ms
104.21.198.238,LHR,欧洲,伦敦,269 ms
104.25.248.16,IAD,北美洲,阿什本,269 ms
104.25.167.229,IAD,北美洲,阿什本,269 ms
104.24.235.182,IAD,北美洲,阿什本,269 ms
104.24.63.84,IAD,北美洲,阿什本,269 ms
104.20.10.77,IAD,北美洲,阿什本,269 ms
1.0.0.168,SJC,北美洲,圣何塞,269 ms
104.24.188.214,IAD,北美洲,阿什本,269 ms
104.16.220.103,SJC,北美洲,圣何塞,270 ms
172.67.213.30,LHR,欧洲,伦敦,270 ms
104.27.55.129,IAD,北美洲,阿什本,270 ms
104.20.2.15,IAD,北美洲,阿什本,270 ms
104.27.196.174,IAD,北美洲,阿什本,270 ms
104.24.86.226,IAD,北美洲,阿什本,270 ms
104.20.198.100,IAD,北美洲,阿什本,270 ms
104.17.170.18,SJC,北美洲,圣何塞,270 ms
172.67.181.111,LHR,欧洲,伦敦,271 ms
198.41.198.191,SJC,北美洲,圣何塞,271 ms
104.27.102.240,IAD,北美洲,阿什本,271 ms
104.25.209.138,IAD,北美洲,阿什本,271 ms
172.67.234.167,LHR,欧洲,伦敦,271 ms
172.67.249.95,LHR,欧洲,伦敦,271 ms
172.67.18.176,IAD,北美洲,阿什本,271 ms
104.18.253.59,SJC,北美洲,圣何塞,271 ms
104.20.40.128,IAD,北美洲,阿什本,271 ms
172.67.115.49,IAD,北美洲,阿什本,271 ms
172.65.163.180,IAD,北美洲,阿什本,271 ms
172.64.145.138,SJC,北美洲,圣何塞,271 ms
104.21.237.49,DFW,北美洲,达拉斯,271 ms
104.24.231.227,IAD,北美洲,阿什本,271 ms
172.67.240.77,LHR,欧洲,伦敦,271 ms
104.20.98.55,IAD,北美洲,阿什本,271 ms
104.21.222.60,LHR,欧洲,伦敦,272 ms
172.67.54.86,IAD,北美洲,阿什本,272 ms
172.67.67.243,IAD,北美洲,阿什本,272 ms
104.18.227.190,SJC,北美洲,圣何塞,272 ms
104.21.51.66,LHR,欧洲,伦敦,272 ms
104.18.147.52,SJC,北美洲,圣何塞,272 ms
104.25.202.244,IAD,北美洲,阿什本,272 ms
104.20.217.229,IAD,北美洲,阿什本,272 ms
104.19.234.248,SJC,北美洲,圣何塞,273 ms
104.17.224.158,SJC,北美洲,圣何塞,273 ms
104.25.45.94,IAD,北美洲,阿什本,273 ms
104.27.38.201,IAD,北美洲,阿什本,273 ms
104.21.126.185,LHR,欧洲,伦敦,273 ms
172.67.124.87,IAD,北美洲,阿什本,273 ms
172.67.109.174,IAD,北美洲,阿什本,273 ms
104.25.107.77,IAD,北美洲,阿什本,273 ms
104.19.145.176,SJC,北美洲,圣何塞,273 ms
104.27.103.145,IAD,北美洲,阿什本,273 ms
104.24.180.165,IAD,北美洲,阿什本,273 ms
104.16.173.194,SJC,北美洲,圣何塞,274 ms
104.24.9.91,IAD,北美洲,阿什本,274 ms
172.67.132.221,LHR,欧洲,伦敦,274 ms
104.27.117.206,IAD,北美洲,阿什本,274 ms
1.0.0.79,SJC,北美洲,圣何塞,274 ms
104.19.184.176,SJC,北美洲,圣何塞,274 ms
104.24.230.228,IAD,北美洲,阿什本,274 ms
172.67.170.188,LHR,欧洲,伦敦,274 ms
104.20.252.23,IAD,北美洲,阿什本,274 ms
172.67.179.50,LHR,欧洲,伦敦,274 ms
104.20.235.167,IAD,北美洲,阿什本,275 ms
104.23.112.168,IAD,北美洲,阿什本,275 ms
104.24.89.230,IAD,北美洲,阿什本,275 ms
104.20.155.190,IAD,北美洲,阿什本,275 ms
104.16.36.155,SJC,北美洲,圣何塞,275 ms
104.16.140.176,SJC,北美洲,圣何塞,275 ms
172.67.235.28,LHR,欧洲,伦敦,275 ms
104.16.191.125,SJC,北美洲,圣何塞,275 ms
104.21.2.94,LHR,欧洲,伦敦,275 ms
104.18.240.234,SJC,北美洲,圣何塞,276 ms
104.20.151.251,IAD,北美洲,阿什本,276 ms
104.18.128.80,SJC,北美洲,圣何塞,276 ms
104.18.174.194,SJC,北美洲,圣何塞,276 ms
172.67.80.119,IAD,北美洲,阿什本,276 ms
172.83.73.165,SJC,北美洲,圣何塞,277 ms
104.16.189.54,SJC,北美洲,圣何塞,277 ms
104.26.11.134,IAD,北美洲,阿什本,277 ms
94.140.0.26,SJC,北美洲,圣何塞,277 ms
104.24.12.214,IAD,北美洲,阿什本,277 ms
104.16.228.246,SJC,北美洲,圣何塞,277 ms
185.146.173.111,SJC,北美洲,圣何塞,278 ms
1.0.0.155,SJC,北美洲,圣何塞,278 ms
104.22.51.101,IAD,北美洲,阿什本,278 ms
172.65.233.14,SJC,北美洲,圣何塞,278 ms
172.67.164.89,LHR,欧洲,伦敦,278 ms
104.18.161.187,SJC,北美洲,圣何塞,279 ms
104.19.165.15,SJC,北美洲,圣何塞,279 ms
104.21.87.142,LHR,欧洲,伦敦,279 ms
104.18.99.210,SJC,北美洲,圣何塞,279 ms
172.64.87.81,SJC,北美洲,圣何塞,279 ms
104.16.100.81,SJC,北美洲,圣何塞,279 ms
104.27.113.113,IAD,北美洲,阿什本,279 ms
104.25.55.72,IAD,北美洲,阿什本,279 ms
190.93.244.210,SJC,北美洲,圣何塞,280 ms
104.22.4.200,IAD,北美洲,阿什本,280 ms
104.18.188.53,SJC,北美洲,圣何塞,280 ms
104.21.4.104,LHR,欧洲,伦敦,280 ms
104.24.169.77,IAD,北美洲,阿什本,280 ms
104.24.78.195,IAD,北美洲,阿什本,281 ms
104.27.193.132,IAD,北美洲,阿什本,281 ms
1.0.0.199,SJC,北美洲,圣何塞,281 ms
104.20.179.36,IAD,北美洲,阿什本,281 ms
104.20.128.246,IAD,北美洲,阿什本,281 ms
104.25.146.138,IAD,北美洲,阿什本,281 ms
104.24.41.26,IAD,北美洲,阿什本,281 ms
104.16.107.131,SJC,北美洲,圣何塞,281 ms
104.20.138.60,IAD,北美洲,阿什本,281 ms
1.0.0.85,SJC,北美洲,圣何塞,282 ms
104.24.90.64,IAD,北美洲,阿什本,282 ms
104.20.176.121,IAD,北美洲,阿什本,282 ms
104.20.127.139,IAD,北美洲,阿什本,282 ms
172.64.89.211,SJC,北美洲,圣何塞,283 ms
104.18.197.203,SJC,北美洲,圣何塞,283 ms
104.25.241.155,IAD,北美洲,阿什本,283 ms
45.135.235.210,SJC,北美洲,圣何塞,283 ms
104.22.17.1,IAD,北美洲,阿什本,283 ms
104.19.158.191,SJC,北美洲,圣何塞,283 ms
172.67.14.121,IAD,北美洲,阿什本,283 ms
154.206.12.50,SJC,北美洲,圣何塞,284 ms
185.193.29.71,SJC,北美洲,圣何塞,284 ms
104.24.77.115,IAD,北美洲,阿什本,284 ms
104.18.141.107,SJC,北美洲,圣何塞,284 ms
104.23.139.154,IAD,北美洲,阿什本,284 ms
104.27.52.195,IAD,北美洲,阿什本,284 ms
104.27.45.245,IAD,北美洲,阿什本,284 ms
66.235.200.14,SJC,北美洲,圣何塞,285 ms
104.16.209.110,SJC,北美洲,圣何塞,285 ms
104.17.236.63,SJC,北美洲,圣何塞,285 ms
104.16.27.79,SJC,北美洲,圣何塞,285 ms
176.126.207.146,SJC,北美洲,圣何塞,285 ms
104.18.129.110,SJC,北美洲,圣何塞,285 ms
104.17.67.86,SJC,北美洲,圣何塞,285 ms
104.18.109.69,SJC,北美洲,圣何塞,285 ms
104.16.252.113,SJC,北美洲,圣何塞,285 ms
45.85.118.123,SJC,北美洲,圣何塞,285 ms
104.27.40.72,IAD,北美洲,阿什本,285 ms
104.27.121.3,IAD,北美洲,阿什本,285 ms
104.16.110.157,SJC,北美洲,圣何塞,285 ms
104.16.157.55,SJC,北美洲,圣何塞,286 ms
104.24.166.144,IAD,北美洲,阿什本,286 ms
104.16.67.37,SJC,北美洲,圣何塞,286 ms
104.17.237.121,SJC,北美洲,圣何塞,286 ms
198.202.211.34,SJC,北美洲,圣何塞,286 ms
104.18.155.104,SJC,北美洲,圣何塞,287 ms
104.24.220.38,IAD,北美洲,阿什本,287 ms
104.16.19.197,SJC,北美洲,圣何塞,287 ms
104.16.95.60,SJC,北美洲,圣何塞,287 ms
1.0.0.64,SJC,北美洲,圣何塞,287 ms
104.18.162.243,SJC,北美洲,圣何塞,287 ms
104.22.47.38,IAD,北美洲,阿什本,287 ms
104.25.77.219,IAD,北美洲,阿什本,288 ms
104.20.255.216,IAD,北美洲,阿什本,288 ms
104.19.227.168,SJC,北美洲,圣何塞,288 ms
104.20.83.254,IAD,北美洲,阿什本,288 ms
104.20.92.230,IAD,北美洲,阿什本,288 ms
104.17.8.131,SJC,北美洲,圣何塞,289 ms
172.67.32.93,IAD,北美洲,阿什本,289 ms
104.25.222.142,IAD,北美洲,阿什本,289 ms
104.18.204.32,SJC,北美洲,圣何塞,290 ms
104.18.34.194,SJC,北美洲,圣何塞,290 ms
104.18.35.57,SJC,北美洲,圣何塞,290 ms
104.24.66.226,IAD,北美洲,阿什本,290 ms
198.41.203.232,SJC,北美洲,圣何塞,290 ms
45.142.120.139,SJC,北美洲,圣何塞,290 ms
104.19.150.165,SJC,北美洲,圣何塞,290 ms
104.21.115.73,LHR,欧洲,伦敦,290 ms
104.18.231.40,SJC,北美洲,圣何塞,290 ms
104.25.89.252,IAD,北美洲,阿什本,291 ms
104.24.198.103,IAD,北美洲,阿什本,291 ms
104.19.235.178,SJC,北美洲,圣何塞,291 ms
198.41.209.234,SJC,北美洲,圣何塞,291 ms
104.16.192.14,SJC,北美洲,圣何塞,292 ms
104.17.13.230,SJC,北美洲,圣何塞,292 ms
104.18.249.65,SJC,北美洲,圣何塞,292 ms
1.0.0.35,SJC,北美洲,圣何塞,292 ms
104.16.175.188,SJC,北美洲,圣何塞,292 ms
156.238.18.5,SJC,北美洲,圣何塞,292 ms
104.17.122.144,SJC,北美洲,圣何塞,293 ms
1.0.0.97,SJC,北美洲,圣何塞,293 ms
31.22.116.26,SJC,北美洲,圣何塞,293 ms
104.20.143.111,IAD,北美洲,阿什本,293 ms
104.17.103.165,SJC,北美洲,圣何塞,293 ms
104.24.76.113,IAD,北美洲,阿什本,293 ms
172.64.48.100,SJC,北美洲,圣何塞,294 ms
104.19.168.162,SJC,北美洲,圣何塞,294 ms
104.17.77.36,SJC,北美洲,圣何塞,294 ms
104.19.229.89,SJC,北美洲,圣何塞,294 ms
104.17.41.228,SJC,北美洲,圣何塞,295 ms
104.16.50.59,SJC,北美洲,圣何塞,295 ms
104.16.44.64,SJC,北美洲,圣何塞,295 ms
104.16.218.177,SJC,北美洲,圣何塞,296 ms
104.19.201.133,SJC,北美洲,圣何塞,296 ms
104.17.133.76,SJC,北美洲,圣何塞,296 ms
104.16.111.116,SJC,北美洲,圣何塞,297 ms
188.42.89.18,SJC,北美洲,圣何塞,297 ms
45.81.58.184,SJC,北美洲,圣何塞,297 ms
185.38.135.26,SJC,北美洲,圣何塞,297 ms
104.16.193.238,SJC,北美洲,圣何塞,298 ms
104.16.249.135,SJC,北美洲,圣何塞,298 ms
104.18.201.18,SJC,北美洲,圣何塞,298 ms
104.16.41.207,SJC,北美洲,圣何塞,298 ms
104.18.202.4,SJC,北美洲,圣何塞,298 ms
193.9.49.52,SJC,北美洲,圣何塞,299 ms
104.16.75.118,SJC,北美洲,圣何塞,299 ms
1.0.0.252,SJC,北美洲,圣何塞,299 ms
104.17.187.96,SJC,北美洲,圣何塞,299 ms
104.16.45.10,SJC,北美洲,圣何塞,299 ms
104.17.60.11,SJC,北美洲,圣何塞,300 ms
185.135.44.4,SJC,北美洲,圣何塞,300 ms
104.20.95.190,IAD,北美洲,阿什本,300 ms
104.16.239.139,SJC,北美洲,圣何塞,301 ms
104.16.103.219,SJC,北美洲,圣何塞,301 ms
104.17.23.216,SJC,北美洲,圣何塞,301 ms
162.159.23.175,SJC,北美洲,圣何塞,301 ms
88.216.66.124,SJC,北美洲,圣何塞,301 ms
1.0.0.218,SJC,北美洲,圣何塞,302 ms
104.17.93.238,SJC,北美洲,圣何塞,302 ms
104.17.186.199,SJC,北美洲,圣何塞,302 ms
1.0.0.158,SJC,北美洲,圣何塞,302 ms
104.18.145.102,SJC,北美洲,圣何塞,303 ms
104.16.69.134,SJC,北美洲,圣何塞,303 ms
104.18.186.54,SJC,北美洲,圣何塞,303 ms
104.18.72.78,SJC,北美洲,圣何塞,303 ms
45.85.119.60,SJC,北美洲,圣何塞,303 ms
1.0.0.224,SJC,北美洲,圣何塞,304 ms
104.18.167.212,SJC,北美洲,圣何塞,304 ms
1.0.0.23,SJC,北美洲,圣何塞,304 ms
104.18.65.75,SJC,北美洲,圣何塞,304 ms
104.16.136.231,SJC,北美洲,圣何塞,304 ms
104.16.233.25,SJC,北美洲,圣何塞,305 ms
104.19.225.215,SJC,北美洲,圣何塞,307 ms
104.16.219.206,SJC,北美洲,圣何塞,307 ms
1.0.0.145,SJC,北美洲,圣何塞,308 ms
104.18.70.188,SJC,北美洲,圣何塞,308 ms
1.0.0.224,SJC,北美洲,圣何塞,308 ms
104.16.43.155,SJC,北美洲,圣何塞,308 ms
1.0.0.71,SJC,北美洲,圣何塞,309 ms
104.18.130.1,SJC,北美洲,圣何塞,309 ms
190.93.246.174,SJC,北美洲,圣何塞,309 ms
172.64.78.25,EWR,北美洲,纽瓦克,310 ms
1.0.0.36,SJC,北美洲,圣何塞,310 ms
1.0.0.129,SJC,北美洲,圣何塞,310 ms
104.16.17.55,SJC,北美洲,圣何塞,310 ms
198.41.202.93,SJC,北美洲,圣何塞,310 ms
104.18.86.193,SJC,北美洲,圣何塞,311 ms
104.16.47.162,SJC,北美洲,圣何塞,311 ms
104.17.191.248,SJC,北美洲,圣何塞,311 ms
1.0.0.244,SJC,北美洲,圣何塞,311 ms
104.18.88.32,SJC,北美洲,圣何塞,311 ms
154.197.108.206,SJC,北美洲,圣何塞,311 ms
104.17.145.205,SJC,北美洲,圣何塞,311 ms
1.0.0.245,SJC,北美洲,圣何塞,312 ms
104.16.253.158,SJC,北美洲,圣何塞,312 ms
104.16.9.177,SJC,北美洲,圣何塞,313 ms
104.16.35.228,SJC,北美洲,圣何塞,313 ms
1.0.0.40,SJC,北美洲,圣何塞,314 ms
1.0.0.216,SJC,北美洲,圣何塞,314 ms
1.0.0.196,SJC,北美洲,圣何塞,314 ms
1.0.0.26,SJC,北美洲,圣何塞,315 ms
104.129.167.237,SJC,北美洲,圣何塞,315 ms
104.16.84.12,SJC,北美洲,圣何塞,315 ms
104.18.111.104,SJC,北美洲,圣何塞,315 ms
104.17.222.23,SJC,北美洲,圣何塞,316 ms
1.0.0.80,SJC,北美洲,圣何塞,316 ms
1.0.0.116,SJC,北美洲,圣何塞,316 ms
77.75.199.159,SJC,北美洲,圣何塞,317 ms
104.20.135.30,IAD,北美洲,阿什本,317 ms
104.17.190.195,SJC,北美洲,圣何塞,317 ms
185.159.247.80,SJC,北美洲,圣何塞,318 ms
104.17.181.244,SJC,北美洲,圣何塞,318 ms
104.17.233.39,SJC,北美洲,圣何塞,318 ms
104.17.177.182,SJC,北美洲,圣何塞,319 ms
185.174.138.11,SJC,北美洲,圣何塞,319 ms
104.18.107.103,SJC,北美洲,圣何塞,319 ms
104.21.113.137,LHR,欧洲,伦敦,319 ms
1.0.0.122,SJC,北美洲,圣何塞,319 ms
104.17.0.25,SJC,北美洲,圣何塞,320 ms
104.17.189.0,SJC,北美洲,圣何塞,321 ms
104.18.236.160,SJC,北美洲,圣何塞,321 ms
104.16.62.152,SJC,北美洲,圣何塞,321 ms
104.16.235.113,SJC,北美洲,圣何塞,322 ms
104.19.231.73,SJC,北美洲,圣何塞,322 ms
104.17.5.77,SJC,北美洲,圣何塞,323 ms
45.95.241.118,SJC,北美洲,圣何塞,323 ms
104.17.116.219,SJC,北美洲,圣何塞,323 ms
172.66.41.0,SJC,北美洲,圣何塞,323 ms
104.16.130.176,SJC,北美洲,圣何塞,323 ms
104.17.173.210,SJC,北美洲,圣何塞,323 ms
104.16.202.175,SJC,北美洲,圣何塞,324 ms
104.16.64.100,SJC,北美洲,圣何塞,324 ms
104.17.27.117,SJC,北美洲,圣何塞,324 ms
104.18.133.204,SJC,北美洲,圣何塞,325 ms
1.0.0.73,SJC,北美洲,圣何塞,325 ms
86.38.214.220,SJC,北美洲,圣何塞,325 ms
104.18.98.141,SJC,北美洲,圣何塞,325 ms
104.17.146.219,SJC,北美洲,圣何塞,325 ms
1.0.0.69,SJC,北美洲,圣何塞,326 ms
172.65.212.235,SJC,北美洲,圣何塞,326 ms
104.17.161.147,SJC,北美洲,圣何塞,326 ms
1.0.0.58,SJC,北美洲,圣何塞,326 ms
162.159.19.224,SJC,北美洲,圣何塞,326 ms
104.17.165.73,SJC,北美洲,圣何塞,327 ms
104.17.125.47,SJC,北美洲,圣何塞,327 ms
104.18.185.2,SJC,北美洲,圣何塞,327 ms
45.131.208.50,SJC,北美洲,圣何塞,327 ms
104.17.18.253,SJC,北美洲,圣何塞,327 ms
104.17.20.16,SJC,北美洲,圣何塞,327 ms
1.0.0.238,SJC,北美洲,圣何塞,327 ms
1.0.0.219,SJC,北美洲,圣何塞,327 ms
104.18.132.41,SJC,北美洲,圣何塞,328 ms
104.17.255.63,SJC,北美洲,圣何塞,328 ms
1.0.0.186,SJC,北美洲,圣何塞,328 ms
198.41.208.67,SJC,北美洲,圣何塞,329 ms
1.0.0.86,SJC,北美洲,圣何塞,329 ms
104.17.30.142,SJC,北美洲,圣何塞,329 ms
104.17.16.218,SJC,北美洲,圣何塞,329 ms
46.254.92.119,SJC,北美洲,圣何塞,329 ms
1.0.0.58,SJC,北美洲,圣何塞,330 ms
104.19.194.51,SJC,北美洲,圣何塞,330 ms
104.19.193.186,SJC,北美洲,圣何塞,330 ms
204.93.210.146,SJC,北美洲,圣何塞,330 ms
1.0.0.23,SJC,北美洲,圣何塞,330 ms
104.18.246.206,SJC,北美洲,圣何塞,330 ms
104.17.117.107,SJC,北美洲,圣何塞,331 ms
104.17.62.200,SJC,北美洲,圣何塞,331 ms
104.17.248.100,SJC,北美洲,圣何塞,331 ms
104.17.195.156,SJC,北美洲,圣何塞,332 ms
108.165.216.70,SJC,北美洲,圣何塞,332 ms
104.18.247.202,SJC,北美洲,圣何塞,332 ms
104.17.153.194,SJC,北美洲,圣何塞,333 ms
104.17.163.72,SJC,北美洲,圣何塞,333 ms
104.129.164.244,SJC,北美洲,圣何塞,333 ms
104.17.6.102,SJC,北美洲,圣何塞,333 ms
104.18.42.156,SJC,北美洲,圣何塞,334 ms
104.16.165.0,SJC,北美洲,圣何塞,334 ms
104.17.185.129,SJC,北美洲,圣何塞,334 ms
198.41.220.97,SJC,北美洲,圣何塞,334 ms
104.19.148.34,SJC,北美洲,圣何塞,335 ms
1.0.0.156,SJC,北美洲,圣何塞,335 ms
104.17.130.53,SJC,北美洲,圣何塞,335 ms
104.17.154.188,SJC,北美洲,圣何塞,335 ms
104.19.149.85,SJC,北美洲,圣何塞,335 ms
1.0.0.56,SJC,北美洲,圣何塞,336 ms
104.19.221.117,SJC,北美洲,圣何塞,336 ms
1.0.0.72,SJC,北美洲,圣何塞,336 ms
104.18.78.22,SJC,北美洲,圣何塞,336 ms
104.19.178.49,SJC,北美洲,圣何塞,337 ms
104.16.73.224,SJC,北美洲,圣何塞,337 ms
104.18.14.230,SJC,北美洲,圣何塞,337 ms
1.0.0.115,SJC,北美洲,圣何塞,337 ms
193.227.99.71,SJC,北美洲,圣何塞,338 ms
104.18.13.36,SJC,北美洲,圣何塞,338 ms
104.17.251.251,SJC,北美洲,圣何塞,338 ms
104.17.193.198,SJC,北美洲,圣何塞,338 ms
1.0.0.25,SJC,北美洲,圣何塞,338 ms
104.17.79.218,SJC,北美洲,圣何塞,339 ms
198.41.200.209,SJC,北美洲,圣何塞,339 ms
104.17.254.42,SJC,北美洲,圣何塞,339 ms
1.0.0.187,SJC,北美洲,圣何塞,340 ms
104.19.183.94,SJC,北美洲,圣何塞,340 ms
172.66.0.195,SJC,北美洲,圣何塞,340 ms
104.18.43.166,SJC,北美洲,圣何塞,340 ms
104.16.240.249,SJC,北美洲,圣何塞,340 ms
104.17.32.50,SJC,北美洲,圣何塞,340 ms
104.17.192.17,SJC,北美洲,圣何塞,341 ms
1.0.0.101,SJC,北美洲,圣何塞,341 ms
194.36.55.182,SJC,北美洲,圣何塞,341 ms
14.102.229.134,SJC,北美洲,圣何塞,341 ms
185.251.82.121,SJC,北美洲,圣何塞,341 ms
162.159.18.37,SJC,北美洲,圣何塞,341 ms
104.16.101.139,SJC,北美洲,圣何塞,341 ms
104.17.9.168,SJC,北美洲,圣何塞,342 ms
1.0.0.137,SJC,北美洲,圣何塞,342 ms
104.17.78.208,SJC,北美洲,圣何塞,342 ms
104.18.53.192,SJC,北美洲,圣何塞,342 ms
1.0.0.71,SJC,北美洲,圣何塞,342 ms
77.74.228.94,SJC,北美洲,圣何塞,343 ms
104.18.10.105,SJC,北美洲,圣何塞,343 ms
104.16.247.72,SJC,北美洲,圣何塞,343 ms
104.19.180.192,SJC,北美洲,圣何塞,343 ms
104.18.9.195,SJC,北美洲,圣何塞,343 ms
104.17.188.184,SJC,北美洲,圣何塞,343 ms
104.18.82.184,SJC,北美洲,圣何塞,344 ms
104.18.190.15,SJC,北美洲,圣何塞,344 ms
104.17.98.30,SJC,北美洲,圣何塞,344 ms
1.0.0.98,SJC,北美洲,圣何塞,344 ms
1.0.0.32,SJC,北美洲,圣何塞,344 ms
104.18.233.200,SJC,北美洲,圣何塞,344 ms
104.16.11.233,SJC,北美洲,圣何塞,344 ms
104.19.219.114,SJC,北美洲,圣何塞,344 ms
104.17.82.141,SJC,北美洲,圣何塞,344 ms
104.17.21.224,SJC,北美洲,圣何塞,344 ms
198.41.207.51,SJC,北美洲,圣何塞,345 ms
104.16.199.222,SJC,北美洲,圣何塞,345 ms
104.16.211.83,SJC,北美洲,圣何塞,345 ms
104.17.37.58,SJC,北美洲,圣何塞,345 ms
45.159.218.69,SJC,北美洲,圣何塞,346 ms
104.16.26.178,SJC,北美洲,圣何塞,346 ms
1.0.0.151,SJC,北美洲,圣何塞,346 ms
1.0.0.17,SJC,北美洲,圣何塞,347 ms
104.17.10.3,SJC,北美洲,圣何塞,347 ms
104.16.181.246,SJC,北美洲,圣何塞,347 ms
172.65.255.206,CDG,欧洲,巴黎,347 ms
92.53.189.117,SJC,北美洲,圣何塞,347 ms
104.17.31.143,SJC,北美洲,圣何塞,347 ms
104.18.3.28,SJC,北美洲,圣何塞,347 ms
104.16.90.52,SJC,北美洲,圣何塞,347 ms
1.0.0.4,SJC,北美洲,圣何塞,347 ms
104.17.201.142,SJC,北美洲,圣何塞,348 ms
172.66.1.106,SJC,北美洲,圣何塞,348 ms
104.16.4.69,SJC,北美洲,圣何塞,348 ms
1.0.0.229,SJC,北美洲,圣何塞,348 ms
104.17.54.44,SJC,北美洲,圣何塞,349 ms
104.16.91.73,SJC,北美洲,圣何塞,349 ms
104.17.226.205,SJC,北美洲,圣何塞,349 ms
1.0.0.242,SJC,北美洲,圣何塞,349 ms
104.19.212.69,SJC,北美洲,圣何塞,349 ms
104.19.220.12,SJC,北美洲,圣何塞,349 ms
104.16.66.95,SJC,北美洲,圣何塞,349 ms
104.17.1.136,SJC,北美洲,圣何塞,349 ms
104.16.79.139,SJC,北美洲,圣何塞,349 ms
162.159.25.170,SJC,北美洲,圣何塞,349 ms
162.159.142.135,SJC,北美洲,圣何塞,350 ms
1.0.0.25,SJC,北美洲,圣何塞,350 ms
104.18.159.129,SJC,北美洲,圣何塞,351 ms
104.16.89.103,SJC,北美洲,圣何塞,351 ms
104.17.209.247,SJC,北美洲,圣何塞,351 ms
104.18.69.48,SJC,北美洲,圣何塞,351 ms
1.0.0.225,SJC,北美洲,圣何塞,351 ms
1.0.0.133,SJC,北美洲,圣何塞,351 ms
198.41.199.244,SJC,北美洲,圣何塞,352 ms
104.16.82.127,SJC,北美洲,圣何塞,352 ms
198.217.251.116,SJC,北美洲,圣何塞,352 ms
104.16.248.2,SJC,北美洲,圣何塞,352 ms
1.0.0.41,SJC,北美洲,圣何塞,352 ms
104.17.184.185,SJC,北美洲,圣何塞,352 ms
104.19.197.122,SJC,北美洲,圣何塞,352 ms
104.19.196.2,SJC,北美洲,圣何塞,352 ms
104.16.23.230,SJC,北美洲,圣何塞,352 ms
104.18.228.168,SJC,北美洲,圣何塞,352 ms
1.0.0.139,SJC,北美洲,圣何塞,353 ms
45.80.111.72,SJC,北美洲,圣何塞,353 ms
104.19.192.184,SJC,北美洲,圣何塞,353 ms
1.0.0.191,SJC,北美洲,圣何塞,353 ms
104.16.34.83,SJC,北美洲,圣何塞,354 ms
104.18.151.57,SJC,北美洲,圣何塞,354 ms
185.148.105.12,SJC,北美洲,圣何塞,354 ms
104.16.251.175,SJC,北美洲,圣何塞,354 ms
104.16.60.135,SJC,北美洲,圣何塞,354 ms
1.0.0.185,SJC,北美洲,圣何塞,354 ms
162.159.138.119,SJC,北美洲,圣何塞,355 ms
104.16.74.164,SJC,北美洲,圣何塞,355 ms
213.241.198.179,SJC,北美洲,圣何塞,355 ms
104.18.173.171,SJC,北美洲,圣何塞,355 ms
104.18.242.86,SJC,北美洲,圣何塞,355 ms
104.19.152.234,SJC,北美洲,圣何塞,355 ms
104.19.151.180,SJC,北美洲,圣何塞,355 ms
104.16.7.76,SJC,北美洲,圣何塞,356 ms
77.232.140.193,SJC,北美洲,圣何塞,356 ms
104.17.215.200,SJC,北美洲,圣何塞,356 ms
167.68.42.81,SJC,北美洲,圣何塞,356 ms
1.0.0.28,SJC,北美洲,圣何塞,356 ms
1.0.0.16,SJC,北美洲,圣何塞,357 ms
104.18.198.208,SJC,北美洲,圣何塞,357 ms
1.0.0.203,SJC,北美洲,圣何塞,357 ms
104.19.177.253,SJC,北美洲,圣何塞,357 ms
1.0.0.250,SJC,北美洲,圣何塞,357 ms
162.159.17.177,SJC,北美洲,圣何塞,357 ms
104.16.93.40,SJC,北美洲,圣何塞,357 ms
104.19.205.124,SJC,北美洲,圣何塞,358 ms
162.159.12.243,SJC,北美洲,圣何塞,358 ms
104.16.70.96,SJC,北美洲,圣何塞,358 ms
104.16.76.203,SJC,北美洲,圣何塞,358 ms
104.17.213.204,SJC,北美洲,圣何塞,358 ms
104.17.50.95,SJC,北美洲,圣何塞,358 ms
185.148.107.148,SJC,北美洲,圣何塞,358 ms
104.17.147.51,SJC,北美洲,圣何塞,358 ms
104.17.144.92,SJC,北美洲,圣何塞,358 ms
213.109.205.237,SJC,北美洲,圣何塞,359 ms
1.0.0.225,SJC,北美洲,圣何塞,359 ms
104.18.137.152,SJC,北美洲,圣何塞,359 ms
104.16.31.223,SJC,北美洲,圣何塞,359 ms
104.17.42.132,SJC,北美洲,圣何塞,359 ms
104.19.191.35,SJC,北美洲,圣何塞,359 ms
104.17.150.10,SJC,北美洲,圣何塞,359 ms
1.0.0.187,SJC,北美洲,圣何塞,359 ms
104.16.169.247,SJC,北美洲,圣何塞,359 ms
104.19.175.228,SJC,北美洲,圣何塞,359 ms
104.17.38.132,SJC,北美洲,圣何塞,359 ms
104.16.22.121,SJC,北美洲,圣何塞,359 ms
1.0.0.195,SJC,北美洲,圣何塞,359 ms
104.18.91.6,SJC,北美洲,圣何塞,359 ms
104.18.94.173,SJC,北美洲,圣何塞,360 ms
104.18.45.109,SJC,北美洲,圣何塞,360 ms
104.18.199.9,SJC,北美洲,圣何塞,360 ms
104.17.7.115,SJC,北美洲,圣何塞,360 ms
198.41.193.18,SJC,北美洲,圣何塞,360 ms
1.0.0.140,SJC,北美洲,圣何塞,360 ms
104.16.138.216,SJC,北美洲,圣何塞,360 ms
104.17.35.3,SJC,北美洲,圣何塞,360 ms
104.19.154.177,SJC,北美洲,圣何塞,361 ms
1.0.0.90,SJC,北美洲,圣何塞,361 ms
1.0.0.115,SJC,北美洲,圣何塞,361 ms
185.135.9.16,SJC,北美洲,圣何塞,361 ms
104.18.157.100,SJC,北美洲,圣何塞,361 ms
1.0.0.161,SJC,北美洲,圣何塞,361 ms
102.177.176.194,SJC,北美洲,圣何塞,361 ms
1.0.0.204,SJC,北美洲,圣何塞,362 ms
104.16.132.250,SJC,北美洲,圣何塞,362 ms
104.18.89.61,SJC,北美洲,圣何塞,362 ms
104.18.103.21,SJC,北美洲,圣何塞,362 ms
172.64.34.159,SJC,北美洲,圣何塞,362 ms
198.41.197.14,SJC,北美洲,圣何塞,363 ms
104.17.47.111,SJC,北美洲,圣何塞,363 ms
156.252.2.102,SJC,北美洲,圣何塞,363 ms
104.17.143.87,SJC,北美洲,圣何塞,363 ms
104.17.142.29,SJC,北美洲,圣何塞,363 ms
104.18.152.235,SJC,北美洲,圣何塞,363 ms
162.159.15.187,SJC,北美洲,圣何塞,363 ms
104.16.204.253,SJC,北美洲,圣何塞,363 ms
1.0.0.80,SJC,北美洲,圣何塞,363 ms
104.17.40.78,SJC,北美洲,圣何塞,363 ms
104.16.21.165,SJC,北美洲,圣何塞,364 ms
104.16.183.42,SJC,北美洲,圣何塞,364 ms
104.16.230.230,SJC,北美洲,圣何塞,364 ms
104.16.172.59,SJC,北美洲,圣何塞,364 ms
104.17.151.28,SJC,北美洲,圣何塞,364 ms
89.47.57.126,SJC,北美洲,圣何塞,365 ms
198.41.211.72,SJC,北美洲,圣何塞,365 ms
104.17.58.10,SJC,北美洲,圣何塞,365 ms
1.0.0.103,SJC,北美洲,圣何塞,365 ms
104.18.211.156,SJC,北美洲,圣何塞,365 ms
23.227.60.247,SJC,北美洲,圣何塞,365 ms
1.0.0.93,SJC,北美洲,圣何塞,365 ms
104.16.196.102,SJC,北美洲,圣何塞,365 ms
104.17.198.61,SJC,北美洲,圣何塞,365 ms
1.0.0.188,SJC,北美洲,圣何塞,365 ms
1.0.0.15,SJC,北美洲,圣何塞,365 ms
172.64.65.77,BUF,北美洲,水牛城,365 ms
104.19.166.202,SJC,北美洲,圣何塞,366 ms
104.17.44.198,SJC,北美洲,圣何塞,366 ms
104.16.198.148,SJC,北美洲,圣何塞,366 ms
1.0.0.159,SJC,北美洲,圣何塞,366 ms
104.17.55.216,SJC,北美洲,圣何塞,366 ms
162.159.22.13,SJC,北美洲,圣何塞,366 ms
104.19.215.230,SJC,北美洲,圣何塞,366 ms
104.16.38.240,SJC,北美洲,圣何塞,366 ms
172.64.146.212,SJC,北美洲,圣何塞,366 ms
104.17.128.42,SJC,北美洲,圣何塞,366 ms
104.18.79.221,SJC,北美洲,圣何塞,366 ms
1.0.0.14,SJC,北美洲,圣何塞,366 ms
104.16.243.185,SJC,北美洲,圣何塞,366 ms
104.18.217.198,SJC,北美洲,圣何塞,366 ms
104.18.178.229,SJC,北美洲,圣何塞,366 ms
104.17.36.220,SJC,北美洲,圣何塞,366 ms
104.17.15.127,SJC,北美洲,圣何塞,366 ms
194.59.5.148,SJC,北美洲,圣何塞,366 ms
162.159.5.6,SJC,北美洲,圣何塞,366 ms
93.114.64.79,SJC,北美洲,圣何塞,367 ms
172.83.72.70,SJC,北美洲,圣何塞,367 ms
1.0.0.119,SJC,北美洲,圣何塞,367 ms
1.0.0.137,SJC,北美洲,圣何塞,367 ms
104.17.217.163,SJC,北美洲,圣何塞,367 ms
104.17.140.204,SJC,北美洲,圣何塞,367 ms
104.18.134.32,SJC,北美洲,圣何塞,367 ms
199.60.103.165,SJC,北美洲,圣何塞,368 ms
104.16.39.180,SJC,北美洲,圣何塞,368 ms
172.64.147.86,SJC,北美洲,圣何塞,368 ms
185.18.250.142,SJC,北美洲,圣何塞,368 ms
104.18.203.221,SJC,北美洲,圣何塞,368 ms
104.17.172.55,SJC,北美洲,圣何塞,368 ms
104.16.180.64,SJC,北美洲,圣何塞,368 ms
195.85.23.22,SJC,北美洲,圣何塞,368 ms
104.19.187.115,SJC,北美洲,圣何塞,369 ms
104.18.102.24,SJC,北美洲,圣何塞,369 ms
1.0.0.62,SJC,北美洲,圣何塞,369 ms
1.0.0.215,SJC,北美洲,圣何塞,369 ms
104.18.235.189,SJC,北美洲,圣何塞,369 ms
1.0.0.3,SJC,北美洲,圣何塞,369 ms
162.159.2.244,SJC,北美洲,圣何塞,369 ms
104.17.247.12,SJC,北美洲,圣何塞,369 ms
162.159.3.217,SJC,北美洲,圣何塞,369 ms
104.17.80.111,SJC,北美洲,圣何塞,369 ms
162.159.239.49,SJC,北美洲,圣何塞,369 ms
199.181.197.217,SJC,北美洲,圣何塞,369 ms
104.16.10.150,SJC,北美洲,圣何塞,369 ms
104.16.245.160,SJC,北美洲,圣何塞,369 ms
1.0.0.26,SJC,北美洲,圣何塞,369 ms
77.37.33.76,SJC,北美洲,圣何塞,370 ms
162.159.49.171,SJC,北美洲,圣何塞,370 ms
104.18.182.0,SJC,北美洲,圣何塞,370 ms
104.19.174.63,SJC,北美洲,圣何塞,370 ms
104.18.12.113,SJC,北美洲,圣何塞,370 ms
104.16.238.94,SJC,北美洲,圣何塞,370 ms
104.17.199.83,SJC,北美洲,圣何塞,370 ms
104.17.160.148,SJC,北美洲,圣何塞,370 ms
104.16.200.47,SJC,北美洲,圣何塞,370 ms
203.22.241.133,SJC,北美洲,圣何塞,371 ms
104.16.30.163,SJC,北美洲,圣何塞,371 ms
198.41.223.62,SJC,北美洲,圣何塞,371 ms
92.60.74.223,SJC,北美洲,圣何塞,371 ms
1.0.0.96,SJC,北美洲,圣何塞,371 ms
198.41.201.190,SJC,北美洲,圣何塞,371 ms
104.17.141.57,SJC,北美洲,圣何塞,371 ms
172.66.46.138,SJC,北美洲,圣何塞,372 ms
104.19.189.113,SJC,北美洲,圣何塞,372 ms
104.17.106.253,SJC,北美洲,圣何塞,372 ms
104.16.80.36,SJC,北美洲,圣何塞,372 ms
104.18.77.58,SJC,北美洲,圣何塞,372 ms
198.41.196.130,SJC,北美洲,圣何塞,372 ms
104.18.170.56,SJC,北美洲,圣何塞,372 ms
104.18.41.57,SJC,北美洲,圣何塞,372 ms
104.17.205.153,SJC,北美洲,圣何塞,372 ms
94.242.229.59,SJC,北美洲,圣何塞,372 ms
104.17.200.210,SJC,北美洲,圣何塞,373 ms
104.17.149.164,SJC,北美洲,圣何塞,373 ms
1.0.0.0,SJC,北美洲,圣何塞,373 ms
104.16.162.108,SJC,北美洲,圣何塞,373 ms
104.18.255.245,SJC,北美洲,圣何塞,373 ms
104.19.182.64,SJC,北美洲,圣何塞,373 ms
104.18.205.86,SJC,北美洲,圣何塞,373 ms
185.148.106.43,SJC,北美洲,圣何塞,373 ms
104.19.164.231,SJC,北美洲,圣何塞,373 ms
104.17.25.46,SJC,北美洲,圣何塞,373 ms
104.17.136.92,SJC,北美洲,圣何塞,373 ms
1.0.0.116,SJC,北美洲,圣何塞,373 ms
1.0.0.4,SJC,北美洲,圣何塞,373 ms
104.16.254.151,SJC,北美洲,圣何塞,373 ms
104.16.246.47,SJC,北美洲,圣何塞,373 ms
104.16.96.173,SJC,北美洲,圣何塞,373 ms
104.16.151.42,SJC,北美洲,圣何塞,373 ms
1.0.0.25,SJC,北美洲,圣何塞,373 ms
1.0.0.247,SJC,北美洲,圣何塞,374 ms
31.12.75.118,SJC,北美洲,圣何塞,374 ms
154.83.2.49,SJC,北美洲,圣何塞,374 ms
1.0.0.73,SJC,北美洲,圣何塞,374 ms
147.185.161.184,SJC,北美洲,圣何塞,374 ms
104.16.255.45,SJC,北美洲,圣何塞,374 ms
104.18.92.158,SJC,北美洲,圣何塞,374 ms
45.131.4.165,SJC,北美洲,圣何塞,374 ms
104.17.169.236,SJC,北美洲,圣何塞,374 ms
185.162.231.235,SJC,北美洲,圣何塞,374 ms
104.16.170.230,SJC,北美洲,圣何塞,374 ms
172.65.231.96,MAD,欧洲,马德里,374 ms
104.17.235.170,SJC,北美洲,圣何塞,374 ms
194.113.223.52,SJC,北美洲,圣何塞,374 ms
104.16.133.113,SJC,北美洲,圣何塞,375 ms
1.0.0.36,SJC,北美洲,圣何塞,375 ms
45.205.0.91,SJC,北美洲,圣何塞,375 ms
104.17.232.72,SJC,北美洲,圣何塞,375 ms
104.17.57.114,SJC,北美洲,圣何塞,375 ms
1.0.0.78,SJC,北美洲,圣何塞,375 ms
104.17.171.12,SJC,北美洲,圣何塞,375 ms
198.41.204.248,SJC,北美洲,圣何塞,375 ms
104.18.4.253,SJC,北美洲,圣何塞,375 ms
155.46.213.204,SJC,北美洲,圣何塞,375 ms
14.102.228.237,SJC,北美洲,圣何塞,375 ms
104.16.33.193,SJC,北美洲,圣何塞,375 ms
154.194.12.148,SJC,北美洲,圣何塞,375 ms
5.182.85.142,SJC,北美洲,圣何塞,375 ms
1.0.0.254,SJC,北美洲,圣何塞,376 ms
164.38.155.215,SJC,北美洲,圣何塞,376 ms
104.18.237.243,SJC,北美洲,圣何塞,376 ms
104.17.2.210,SJC,北美洲,圣何塞,376 ms
1.0.0.80,SJC,北美洲,圣何塞,376 ms
104.16.42.130,SJC,北美洲,圣何塞,376 ms
147.78.140.85,SJC,北美洲,圣何塞,376 ms
104.17.14.60,SJC,北美洲,圣何塞,376 ms
104.36.195.211,SJC,北美洲,圣何塞,376 ms
104.16.214.107,SJC,北美洲,圣何塞,376 ms
104.19.195.118,SJC,北美洲,圣何塞,376 ms
104.17.155.158,SJC,北美洲,圣何塞,376 ms
104.18.208.162,SJC,北美洲,圣何塞,377 ms
104.16.150.118,SJC,北美洲,圣何塞,377 ms
104.18.96.73,SJC,北美洲,圣何塞,377 ms
104.16.221.167,SJC,北美洲,圣何塞,377 ms
104.17.175.215,SJC,北美洲,圣何塞,377 ms
1.0.0.196,SJC,北美洲,圣何塞,377 ms
1.0.0.30,SJC,北美洲,圣何塞,377 ms
104.17.115.47,SJC,北美洲,圣何塞,377 ms
104.17.39.94,SJC,北美洲,圣何塞,377 ms
104.18.239.65,SJC,北美洲,圣何塞,377 ms
104.16.52.254,SJC,北美洲,圣何塞,377 ms
104.17.56.148,SJC,北美洲,圣何塞,378 ms
104.16.135.153,SJC,北美洲,圣何塞,378 ms
1.0.0.231,SJC,北美洲,圣何塞,378 ms
104.17.22.89,SJC,北美洲,圣何塞,378 ms
104.16.144.42,SJC,北美洲,圣何塞,378 ms
104.16.40.160,SJC,北美洲,圣何塞,379 ms
104.16.104.73,SJC,北美洲,圣何塞,379 ms
104.16.163.117,SJC,北美洲,圣何塞,379 ms
154.202.89.157,SJC,北美洲,圣何塞,379 ms
104.16.83.81,SJC,北美洲,圣何塞,379 ms
104.16.78.243,SJC,北美洲,圣何塞,379 ms
104.16.166.246,SJC,北美洲,圣何塞,379 ms
159.246.55.250,SJC,北美洲,圣何塞,379 ms
104.18.224.142,SJC,北美洲,圣何塞,379 ms
104.18.6.169,SJC,北美洲,圣何塞,379 ms
23.227.38.57,SJC,北美洲,圣何塞,379 ms
104.18.83.176,SJC,北美洲,圣何塞,379 ms
104.19.190.181,SJC,北美洲,圣何塞,379 ms
104.17.87.15,SJC,北美洲,圣何塞,379 ms
162.159.32.36,SJC,北美洲,圣何塞,379 ms
1.0.0.120,SJC,北美洲,圣何塞,379 ms
104.16.155.107,SJC,北美洲,圣何塞,379 ms
104.16.131.112,SJC,北美洲,圣何塞,379 ms
104.18.207.134,SJC,北美洲,圣何塞,380 ms
104.19.171.62,SJC,北美洲,圣何塞,380 ms
104.16.2.208,SJC,北美洲,圣何塞,380 ms
104.17.120.21,SJC,北美洲,圣何塞,380 ms
1.0.0.194,SJC,北美洲,圣何塞,380 ms
104.17.74.120,SJC,北美洲,圣何塞,380 ms
1.0.0.194,SJC,北美洲,圣何塞,380 ms
104.16.147.118,SJC,北美洲,圣何塞,380 ms
104.16.51.196,SJC,北美洲,圣何塞,380 ms
104.16.224.95,SJC,北美洲,圣何塞,380 ms
185.238.228.34,SJC,北美洲,圣何塞,380 ms
1.0.0.135,SJC,北美洲,圣何塞,381 ms
104.17.12.51,SJC,北美洲,圣何塞,381 ms
104.16.134.211,SJC,北美洲,圣何塞,381 ms
5.182.84.152,SJC,北美洲,圣何塞,381 ms
104.17.238.108,SJC,北美洲,圣何塞,381 ms
89.116.250.15,SJC,北美洲,圣何塞,381 ms
104.16.143.239,SJC,北美洲,圣何塞,381 ms
104.16.129.164,SJC,北美洲,圣何塞,381 ms
104.17.4.99,SJC,北美洲,圣何塞,381 ms
104.17.83.117,SJC,北美洲,圣何塞,382 ms
1.0.0.207,SJC,北美洲,圣何塞,382 ms
104.17.99.32,SJC,北美洲,圣何塞,382 ms
104.17.71.187,SJC,北美洲,圣何塞,382 ms
104.19.167.247,SJC,北美洲,圣何塞,382 ms
104.18.192.21,SJC,北美洲,圣何塞,382 ms
1.0.0.33,SJC,北美洲,圣何塞,382 ms
104.18.1.248,SJC,北美洲,圣何塞,382 ms
172.65.209.18,CDG,欧洲,巴黎,382 ms
104.16.167.153,SJC,北美洲,圣何塞,383 ms
104.19.238.104,SJC,北美洲,圣何塞,383 ms
104.17.64.183,SJC,北美洲,圣何塞,383 ms
104.17.100.144,SJC,北美洲,圣何塞,383 ms
89.116.180.93,SJC,北美洲,圣何塞,383 ms
104.17.49.103,SJC,北美洲,圣何塞,383 ms
162.159.7.239,SJC,北美洲,圣何塞,383 ms
104.16.156.75,SJC,北美洲,圣何塞,383 ms
185.170.166.145,SJC,北美洲,圣何塞,384 ms
104.17.253.195,SJC,北美洲,圣何塞,384 ms
104.16.206.75,SJC,北美洲,圣何塞,384 ms
104.17.139.50,SJC,北美洲,圣何塞,384 ms
104.19.224.216,SJC,北美洲,圣何塞,384 ms
104.17.28.30,SJC,北美洲,圣何塞,384 ms
104.17.65.221,SJC,北美洲,圣何塞,384 ms
103.21.244.29,SJC,北美洲,圣何塞,384 ms
168.100.6.196,SJC,北美洲,圣何塞,384 ms
1.0.0.163,SJC,北美洲,圣何塞,385 ms
104.17.110.71,SJC,北美洲,圣何塞,385 ms
1.0.0.75,SJC,北美洲,圣何塞,385 ms
1.0.0.204,SJC,北美洲,圣何塞,385 ms
1.0.0.88,SJC,北美洲,圣何塞,385 ms
1.0.0.67,SJC,北美洲,圣何塞,385 ms
170.114.45.126,SJC,北美洲,圣何塞,385 ms
162.159.58.135,SJC,北美洲,圣何塞,385 ms
104.18.8.194,SJC,北美洲,圣何塞,385 ms
45.12.31.12,SJC,北美洲,圣何塞,385 ms
104.17.43.174,SJC,北美洲,圣何塞,385 ms
104.16.152.5,SJC,北美洲,圣何塞,385 ms
5.10.246.0,SJC,北美洲,圣何塞,385 ms
162.159.62.233,SJC,北美洲,圣何塞,385 ms
104.17.176.182,SJC,北美洲,圣何塞,385 ms
104.17.112.27,SJC,北美洲,圣何塞,385 ms
1.0.0.85,SJC,北美洲,圣何塞,386 ms
1.0.0.171,SJC,北美洲,圣何塞,386 ms
198.41.195.1,SJC,北美洲,圣何塞,386 ms
1.0.0.250,SJC,北美洲,圣何塞,386 ms
1.0.0.244,SJC,北美洲,圣何塞,386 ms
1.0.0.30,SJC,北美洲,圣何塞,386 ms
104.18.84.104,SJC,北美洲,圣何塞,386 ms
104.17.104.119,SJC,北美洲,圣何塞,386 ms
185.148.104.240,SJC,北美洲,圣何塞,387 ms
104.16.216.43,SJC,北美洲,圣何塞,387 ms
1.0.0.78,SJC,北美洲,圣何塞,387 ms
104.17.75.38,SJC,北美洲,圣何塞,387 ms
156.225.72.1,SJC,北美洲,圣何塞,387 ms
5.226.179.131,SJC,北美洲,圣何塞,387 ms
103.172.111.56,SJC,北美洲,圣何塞,387 ms
104.19.206.110,SJC,北美洲,圣何塞,387 ms
104.19.198.15,SJC,北美洲,圣何塞,387 ms
104.18.234.191,SJC,北美洲,圣何塞,387 ms
104.18.213.102,SJC,北美洲,圣何塞,387 ms
1.0.0.234,SJC,北美洲,圣何塞,387 ms
104.16.105.105,SJC,北美洲,圣何塞,387 ms
104.17.234.154,SJC,北美洲,圣何塞,387 ms
104.16.139.28,SJC,北美洲,圣何塞,387 ms
1.0.0.180,SJC,北美洲,圣何塞,387 ms
104.16.0.237,SJC,北美洲,圣何塞,387 ms
104.16.184.72,SJC,北美洲,圣何塞,388 ms
104.16.178.56,SJC,北美洲,圣何塞,388 ms
104.18.95.189,SJC,北美洲,圣何塞,388 ms
104.16.12.202,SJC,北美洲,圣何塞,388 ms
162.120.94.239,SJC,北美洲,圣何塞,388 ms
190.93.247.4,SJC,北美洲,圣何塞,388 ms
104.18.165.48,SJC,北美洲,圣何塞,388 ms
104.17.221.210,SJC,北美洲,圣何塞,388 ms
141.11.203.27,SJC,北美洲,圣何塞,388 ms
104.17.148.208,SJC,北美洲,圣何塞,388 ms
1.0.0.194,SJC,北美洲,圣何塞,388 ms
1.0.0.85,SJC,北美洲,圣何塞,388 ms
162.159.8.181,SJC,北美洲,圣何塞,389 ms
104.19.155.106,SJC,北美洲,圣何塞,389 ms
154.85.99.193,SJC,北美洲,圣何塞,389 ms
104.17.111.143,SJC,北美洲,圣何塞,389 ms
198.41.214.121,SJC,北美洲,圣何塞,389 ms
104.17.113.28,SJC,北美洲,圣何塞,389 ms
185.221.160.182,SJC,北美洲,圣何塞,389 ms
104.17.194.62,SJC,北美洲,圣何塞,389 ms
104.17.162.162,SJC,北美洲,圣何塞,389 ms
104.17.230.197,SJC,北美洲,圣何塞,389 ms
104.18.46.3,SJC,北美洲,圣何塞,389 ms
1.0.0.4,SJC,北美洲,圣何塞,389 ms
104.16.28.159,SJC,北美洲,圣何塞,389 ms
91.193.58.23,SJC,北美洲,圣何塞,390 ms
104.17.127.49,SJC,北美洲,圣何塞,390 ms
104.16.187.190,SJC,北美洲,圣何塞,390 ms
104.17.119.196,SJC,北美洲,圣何塞,390 ms
66.81.247.183,SJC,北美洲,圣何塞,390 ms
46.254.93.94,SJC,北美洲,圣何塞,390 ms
104.17.157.55,SJC,北美洲,圣何塞,390 ms
104.18.71.173,SJC,北美洲,圣何塞,390 ms
104.18.32.161,SJC,北美洲,圣何塞,390 ms
104.17.167.33,SJC,北美洲,圣何塞,390 ms
104.16.190.137,SJC,北美洲,圣何塞,390 ms
45.80.108.172,SJC,北美洲,圣何塞,390 ms
104.18.131.30,SJC,北美洲,圣何塞,390 ms
1.0.0.145,SJC,北美洲,圣何塞,390 ms
185.193.30.22,SJC,北美洲,圣何塞,390 ms
1.0.0.21,SJC,北美洲,圣何塞,390 ms
104.16.205.59,SJC,北美洲,圣何塞,391 ms
194.53.53.42,SJC,北美洲,圣何塞,391 ms
45.12.30.109,SJC,北美洲,圣何塞,391 ms
69.48.218.36,SJC,北美洲,圣何塞,391 ms
104.16.149.209,SJC,北美洲,圣何塞,391 ms
1.0.0.213,SJC,北美洲,圣何塞,391 ms
104.18.222.184,SJC,北美洲,圣何塞,391 ms
162.159.24.145,SJC,北美洲,圣何塞,391 ms
104.18.248.217,SJC,北美洲,圣何塞,392 ms
104.16.179.38,SJC,北美洲,圣何塞,392 ms
104.17.105.100,SJC,北美洲,圣何塞,392 ms
104.17.84.54,SJC,北美洲,圣何塞,392 ms
1.0.0.84,SJC,北美洲,圣何塞,392 ms
104.18.209.125,SJC,北美洲,圣何塞,392 ms
104.19.222.136,SJC,北美洲,圣何塞,392 ms
92.53.188.41,SJC,北美洲,圣何塞,392 ms
216.116.134.13,SJC,北美洲,圣何塞,392 ms
103.11.212.225,SJC,北美洲,圣何塞,393 ms
104.19.202.15,SJC,北美洲,圣何塞,393 ms
104.18.68.72,SJC,北美洲,圣何塞,393 ms
104.16.161.6,SJC,北美洲,圣何塞,393 ms
104.17.61.55,SJC,北美洲,圣何塞,393 ms
104.16.142.184,SJC,北美洲,圣何塞,393 ms
1.0.0.207,SJC,北美洲,圣何塞,393 ms
162.159.6.49,SJC,北美洲,圣何塞,393 ms
154.197.75.171,SJC,北美洲,圣何塞,393 ms
1.0.0.208,SJC,北美洲,圣何塞,393 ms
104.16.109.191,SJC,北美洲,圣何塞,393 ms
104.16.241.144,SJC,北美洲,圣何塞,393 ms
104.17.180.216,SJC,北美洲,圣何塞,393 ms
159.112.235.233,SJC,北美洲,圣何塞,394 ms
1.0.0.133,SJC,北美洲,圣何塞,394 ms
104.17.207.234,SJC,北美洲,圣何塞,394 ms
104.16.92.172,SJC,北美洲,圣何塞,394 ms
1.0.0.163,SJC,北美洲,圣何塞,394 ms
92.243.74.56,SJC,北美洲,圣何塞,394 ms
104.18.81.241,SJC,北美洲,圣何塞,394 ms
104.16.106.88,SJC,北美洲,圣何塞,394 ms
104.16.207.196,SJC,北美洲,圣何塞,394 ms
1.0.0.245,SJC,北美洲,圣何塞,394 ms
104.17.168.205,SJC,北美洲,圣何塞,394 ms
140.99.233.51,SJC,北美洲,圣何塞,394 ms
1.0.0.20,SJC,北美洲,圣何塞,394 ms
104.17.91.93,SJC,北美洲,圣何塞,395 ms
104.18.189.223,SJC,北美洲,圣何塞,395 ms
104.17.243.141,SJC,北美洲,圣何塞,395 ms
104.16.226.20,SJC,北美洲,圣何塞,395 ms
162.159.10.143,SJC,北美洲,圣何塞,395 ms
104.19.185.154,SJC,北美洲,圣何塞,395 ms
104.18.229.193,SJC,北美洲,圣何塞,396 ms
162.159.20.175,SJC,北美洲,圣何塞,396 ms
104.16.46.253,SJC,北美洲,圣何塞,396 ms
188.42.88.175,SJC,北美洲,圣何塞,396 ms
104.17.246.103,SJC,北美洲,圣何塞,396 ms
1.0.0.254,SJC,北美洲,圣何塞,396 ms
162.159.61.0,SJC,北美洲,圣何塞,396 ms
104.18.184.136,SJC,北美洲,圣何塞,396 ms
104.16.201.183,SJC,北美洲,圣何塞,396 ms
205.233.181.39,SJC,北美洲,圣何塞,396 ms
104.16.53.146,SJC,北美洲,圣何塞,397 ms
185.176.26.184,SJC,北美洲,圣何塞,397 ms
104.17.94.67,SJC,北美洲,圣何塞,397 ms
104.18.215.28,SJC,北美洲,圣何塞,397 ms
103.169.142.175,SJC,北美洲,圣何塞,397 ms
62.72.166.187,SJC,北美洲,圣何塞,397 ms
104.18.180.205,SJC,北美洲,圣何塞,397 ms
198.41.222.158,SJC,北美洲,圣何塞,397 ms
104.18.93.106,SJC,北美洲,圣何塞,397 ms
104.19.161.242,SJC,北美洲,圣何塞,398 ms
1.0.0.59,SJC,北美洲,圣何塞,398 ms
104.18.226.103,SJC,北美洲,圣何塞,398 ms
104.18.97.64,SJC,北美洲,圣何塞,398 ms
1.0.0.53,SJC,北美洲,圣何塞,398 ms
1.0.0.136,SJC,北美洲,圣何塞,398 ms
104.18.135.120,SJC,北美洲,圣何塞,399 ms
185.176.24.92,SJC,北美洲,圣何塞,399 ms
1.0.0.4,SJC,北美洲,圣何塞,399 ms
45.194.53.249,SJC,北美洲,圣何塞,399 ms
104.17.250.220,SJC,北美洲,圣何塞,399 ms
104.18.179.174,SJC,北美洲,圣何塞,399 ms
104.17.218.12,SJC,北美洲,圣何塞,399 ms
104.18.191.156,SJC,北美洲,圣何塞,399 ms
1.0.0.251,SJC,北美洲,圣何塞,399 ms
198.41.205.68,SJC,北美洲,圣何塞,399 ms
45.131.211.103,SJC,北美洲,圣何塞,399 ms
104.19.176.239,SJC,北美洲,圣何塞,399 ms
104.18.73.94,SJC,北美洲,圣何塞,399 ms
104.16.174.229,SJC,北美洲,圣何塞,399 ms
188.164.159.213,SJC,北美洲,圣何塞,400 ms
104.18.193.198,SJC,北美洲,圣何塞,400 ms
1.0.0.151,SJC,北美洲,圣何塞,400 ms
104.17.227.58,SJC,北美洲,圣何塞,400 ms
1.0.0.151,SJC,北美洲,圣何塞,400 ms
194.152.44.252,SJC,北美洲,圣何塞,400 ms
1.0.0.88,SJC,北美洲,圣何塞,400 ms
104.17.196.150,SJC,北美洲,圣何塞,400 ms
104.17.63.83,SJC,北美洲,圣何塞,400 ms
104.16.177.214,SJC,北美洲,圣何塞,401 ms
104.19.236.153,SJC,北美洲,圣何塞,401 ms
162.159.60.227,SJC,北美洲,圣何塞,401 ms
104.18.168.253,SJC,北美洲,圣何塞,401 ms
104.18.195.218,SJC,北美洲,圣何塞,401 ms
104.18.105.218,SJC,北美洲,圣何塞,401 ms
198.41.221.72,SJC,北美洲,圣何塞,401 ms
162.159.135.19,SJC,北美洲,圣何塞,401 ms
1.0.0.151,SJC,北美洲,圣何塞,401 ms
104.19.204.141,SJC,北美洲,圣何塞,401 ms
104.19.153.158,SJC,北美洲,圣何塞,401 ms
45.94.169.75,SJC,北美洲,圣何塞,401 ms
104.16.182.8,SJC,北美洲,圣何塞,402 ms
104.16.188.143,SJC,北美洲,圣何塞,402 ms
104.17.178.136,SJC,北美洲,圣何塞,402 ms
104.17.214.64,SJC,北美洲,圣何塞,402 ms
1.0.0.88,SJC,北美洲,圣何塞,402 ms
31.43.179.91,SJC,北美洲,圣何塞,402 ms
104.16.197.20,SJC,北美洲,圣何塞,402 ms
92.53.191.138,SJC,北美洲,圣何塞,402 ms
162.159.194.197,SJC,北美洲,圣何塞,402 ms
104.18.175.105,SJC,北美洲,圣何塞,402 ms
1.0.0.220,SJC,北美洲,圣何塞,402 ms
1.0.0.69,SJC,北美洲,圣何塞,403 ms
1.0.0.189,SJC,北美洲,圣何塞,403 ms
1.0.0.198,SJC,北美洲,圣何塞,403 ms
1.0.0.155,SJC,北美洲,圣何塞,403 ms
104.19.169.99,SJC,北美洲,圣何塞,403 ms
104.18.39.114,SJC,北美洲,圣何塞,403 ms
104.17.208.200,SJC,北美洲,圣何塞,404 ms
104.18.225.120,SJC,北美洲,圣何塞,404 ms
104.17.210.196,SJC,北美洲,圣何塞,404 ms
104.16.88.245,SJC,北美洲,圣何塞,404 ms
104.18.47.77,SJC,北美洲,圣何塞,404 ms
1.0.0.71,SJC,北美洲,圣何塞,404 ms
104.129.165.255,SJC,北美洲,圣何塞,404 ms
104.19.218.215,SJC,北美洲,圣何塞,404 ms
104.18.158.116,SJC,北美洲,圣何塞,404 ms
104.17.107.13,SJC,北美洲,圣何塞,404 ms
104.17.73.104,SJC,北美洲,圣何塞,404 ms
156.238.19.13,SJC,北美洲,圣何塞,404 ms
104.17.51.51,SJC,北美洲,圣何塞,404 ms
1.0.0.72,SJC,北美洲,圣何塞,404 ms
104.19.186.69,SJC,北美洲,圣何塞,404 ms
1.0.0.106,SJC,北美洲,圣何塞,404 ms
104.18.230.101,SJC,北美洲,圣何塞,404 ms
104.18.220.41,SJC,北美洲,圣何塞,405 ms
104.16.227.93,SJC,北美洲,圣何塞,405 ms
104.16.154.248,SJC,北美洲,圣何塞,405 ms
172.66.43.168,SJC,北美洲,圣何塞,405 ms
104.18.153.157,SJC,北美洲,圣何塞,405 ms
104.16.20.118,SJC,北美洲,圣何塞,405 ms
104.18.149.14,SJC,北美洲,圣何塞,405 ms
104.16.24.156,SJC,北美洲,圣何塞,405 ms
104.18.143.74,SJC,北美洲,圣何塞,405 ms
104.19.188.118,SJC,北美洲,圣何塞,405 ms
172.65.235.153,SJC,北美洲,圣何塞,406 ms
104.18.33.109,SJC,北美洲,圣何塞,406 ms
104.16.6.88,SJC,北美洲,圣何塞,406 ms
1.0.0.50,SJC,北美洲,圣何塞,406 ms
104.19.170.196,SJC,北美洲,圣何塞,407 ms
1.0.0.35,SJC,北美洲,圣何塞,407 ms
104.18.196.88,SJC,北美洲,圣何塞,407 ms
104.16.97.61,SJC,北美洲,圣何塞,407 ms
162.159.9.141,SJC,北美洲,圣何塞,407 ms
104.17.135.227,SJC,北美洲,圣何塞,407 ms
1.0.0.120,SJC,北美洲,圣何塞,408 ms
104.17.216.240,SJC,北美洲,圣何塞,408 ms
104.18.219.95,SJC,北美洲,圣何塞,408 ms
104.16.15.219,SJC,北美洲,圣何塞,408 ms
89.116.46.1,SJC,北美洲,圣何塞,408 ms
104.19.230.73,SJC,北美洲,圣何塞,408 ms
104.17.24.11,SJC,北美洲,圣何塞,408 ms
104.18.67.16,SJC,北美洲,圣何塞,409 ms
167.68.11.207,SJC,北美洲,圣何塞,409 ms
104.17.46.91,SJC,北美洲,圣何塞,409 ms
89.47.56.37,SJC,北美洲,圣何塞,410 ms
104.17.126.84,SJC,北美洲,圣何塞,411 ms
104.17.132.113,SJC,北美洲,圣何塞,411 ms
104.18.216.110,SJC,北美洲,圣何塞,411 ms
1.0.0.98,SJC,北美洲,圣何塞,411 ms
104.17.152.67,SJC,北美洲,圣何塞,411 ms
104.17.81.109,SJC,北美洲,圣何塞,411 ms
45.131.210.49,SJC,北美洲,圣何塞,411 ms
104.17.164.253,SJC,北美洲,圣何塞,411 ms
104.18.0.139,SJC,北美洲,圣何塞,411 ms
188.42.145.127,SJC,北美洲,圣何塞,411 ms
104.19.209.152,SJC,北美洲,圣何塞,412 ms
104.17.179.204,SJC,北美洲,圣何塞,412 ms
104.17.223.189,SJC,北美洲,圣何塞,412 ms
1.0.0.173,SJC,北美洲,圣何塞,412 ms
104.17.137.0,SJC,北美洲,圣何塞,412 ms
1.0.0.71,SJC,北美洲,圣何塞,412 ms
104.16.212.96,SJC,北美洲,圣何塞,412 ms
1.0.0.150,SJC,北美洲,圣何塞,413 ms
1.0.0.111,SJC,北美洲,圣何塞,413 ms
172.65.237.4,CDG,欧洲,巴黎,413 ms
104.17.76.121,SJC,北美洲,圣何塞,413 ms
162.159.143.126,SJC,北美洲,圣何塞,413 ms
104.18.104.193,SJC,北美洲,圣何塞,413 ms
104.16.3.32,SJC,北美洲,圣何塞,413 ms
104.17.166.215,SJC,北美洲,圣何塞,413 ms
46.8.199.3,SJC,北美洲,圣何塞,413 ms
1.0.0.210,SJC,北美洲,圣何塞,414 ms
1.0.0.3,SJC,北美洲,圣何塞,414 ms
104.18.136.148,SJC,北美洲,圣何塞,414 ms
1.0.0.135,SJC,北美洲,圣何塞,414 ms
104.16.14.11,SJC,北美洲,圣何塞,414 ms
1.0.0.38,SJC,北美洲,圣何塞,415 ms
162.159.0.238,SJC,北美洲,圣何塞,415 ms
1.0.0.81,SJC,北美洲,圣何塞,416 ms
1.0.0.27,SJC,北美洲,圣何塞,416 ms
104.17.138.224,SJC,北美洲,圣何塞,416 ms
104.18.183.205,SJC,北美洲,圣何塞,416 ms
45.159.217.18,SJC,北美洲,圣何塞,416 ms
104.16.71.117,SJC,北美洲,圣何塞,417 ms
1.0.0.235,SJC,北美洲,圣何塞,417 ms
104.18.232.81,SJC,北美洲,圣何塞,417 ms
104.17.182.191,SJC,北美洲,圣何塞,417 ms
104.18.245.87,SJC,北美洲,圣何塞,417 ms
104.16.186.130,SJC,北美洲,圣何塞,418 ms
104.19.232.29,SJC,北美洲,圣何塞,418 ms
104.18.206.117,SJC,北美洲,圣何塞,418 ms
104.17.219.95,SJC,北美洲,圣何塞,418 ms
104.16.222.6,SJC,北美洲,圣何塞,419 ms
104.17.204.102,SJC,北美洲,圣何塞,419 ms
1.0.0.33,SJC,北美洲,圣何塞,419 ms
1.0.0.143,SJC,北美洲,圣何塞,419 ms
104.16.213.24,SJC,北美洲,圣何塞,420 ms
45.159.219.12,SJC,北美洲,圣何塞,420 ms
172.66.42.156,SJC,北美洲,圣何塞,420 ms
104.18.244.12,SJC,北美洲,圣何塞,420 ms
1.0.0.214,SJC,北美洲,圣何塞,421 ms
195.245.221.241,SJC,北美洲,圣何塞,421 ms
104.16.63.58,SJC,北美洲,圣何塞,421 ms
104.17.118.215,SJC,北美洲,圣何塞,421 ms
104.17.203.67,SJC,北美洲,圣何塞,422 ms
104.16.159.40,SJC,北美洲,圣何塞,422 ms
104.18.210.54,SJC,北美洲,圣何塞,422 ms
172.64.90.174,SJC,北美洲,圣何塞,422 ms
104.19.211.9,SJC,北美洲,圣何塞,422 ms
1.0.0.148,SJC,北美洲,圣何塞,422 ms
104.18.212.226,SJC,北美洲,圣何塞,423 ms
192.65.217.228,SJC,北美洲,圣何塞,424 ms
104.18.194.46,SJC,北美洲,圣何塞,424 ms
104.18.148.103,SJC,北美洲,圣何塞,427 ms
104.18.243.230,SJC,北美洲,圣何塞,428 ms
104.17.85.204,SJC,北美洲,圣何塞,428 ms
162.159.196.82,SJC,北美洲,圣何塞,430 ms
172.64.53.238,SJC,北美洲,圣何塞,431 ms
104.18.37.42,SJC,北美洲,圣何塞,432 ms
104.19.156.8,SJC,北美洲,圣何塞,432 ms
188.244.122.252,SJC,北美洲,圣何塞,432 ms
172.64.91.232,SJC,北美洲,圣何塞,432 ms
172.64.88.207,SJC,北美洲,圣何塞,434 ms
172.64.82.177,SJC,北美洲,圣何塞,435 ms
172.64.86.190,SJC,北美洲,圣何塞,435 ms
172.64.81.170,SJC,北美洲,圣何塞,436 ms
172.64.52.154,SJC,北美洲,圣何塞,437 ms
172.64.83.5,SJC,北美洲,圣何塞,437 ms
172.64.49.235,SJC,北美洲,圣何塞,439 ms
162.159.21.223,SJC,北美洲,圣何塞,440 ms
172.64.50.27,SJC,北美洲,圣何塞,440 ms
172.64.80.75,SJC,北美洲,圣何塞,441 ms
172.64.84.147,SJC,北美洲,圣何塞,443 ms
172.64.159.209,SJC,北美洲,圣何塞,447 ms
172.64.157.179,SJC,北美洲,圣何塞,450 ms
172.64.158.254,SJC,北美洲,圣何塞,450 ms
172.64.42.6,SJC,北美洲,圣何塞,455 ms
172.64.154.239,SJC,北美洲,圣何塞,461 ms
172.64.155.81,SJC,北美洲,圣何塞,468 ms
172.64.152.252,SJC,北美洲,圣何塞,469 ms
172.64.68.80,SJC,北美洲,圣何塞,481 ms
172.64.151.100,SJC,北美洲,圣何塞,484 ms
172.64.35.72,SJC,北美洲,圣何塞,492 ms
172.64.150.253,SJC,北美洲,圣何塞,499 ms
172.64.148.186,SJC,北美洲,圣何塞,514 ms
172.64.94.85,SJC,北美洲,圣何塞,555 ms
172.64.95.169,SJC,北美洲,圣何塞,558 ms
172.64.93.66,SJC,北美洲,圣何塞,558 ms
172.64.92.139,SJC,北美洲,圣何塞,573 ms
